{"stats":{"minecraft:used":{"alexsmobs:spawn_egg_platypus":2,"alexsmobs:spawn_egg_skunk":1,"minecraft:cobblestone":1,"mowziesmobs:lantern_spawn_egg":4},"minecraft:picked_up":{"minecraft:dirt":10},"minecraft:custom":{"minecraft:jump":67,"minecraft:time_since_rest":10034,"minecraft:crouch_one_cm":392,"minecraft:leave_game":1,"minecraft:play_time":10034,"minecraft:sprint_one_cm":6204,"minecraft:damage_taken":40,"minecraft:time_since_death":10034,"minecraft:walk_one_cm":3321,"minecraft:sneak_time":255,"minecraft:climb_one_cm":155,"minecraft:total_world_time":10034,"minecraft:fall_one_cm":2585,"minecraft:drop":1,"minecraft:fly_one_cm":134046},"minecraft:mined":{"minecraft:podzol":10,"minecraft:spruce_leaves":2},"minecraft:dropped":{"minecraft:cobblestone":64}},"DataVersion":3465}