{"stats":{"minecraft:dropped":{"minecraft:cooked_beef":4,"securitycraft:keypad_chest":1,"securitycraft:keypad_item":1,"tombstone:gift":1},"minecraft:custom":{"minecraft:open_chest":1,"minecraft:time_since_rest":12064,"minecraft:crouch_one_cm":1850,"minecraft:play_time":16642,"minecraft:sprint_one_cm":22294,"minecraft:walk_one_cm":22377,"minecraft:deaths":1,"minecraft:sneak_time":1029,"minecraft:mob_kills":5,"minecraft:drop":7,"minecraft:jump":113,"minecraft:damage_dealt":796,"minecraft:walk_on_water_one_cm":213,"minecraft:time_since_death":12370,"minecraft:climb_one_cm":694,"minecraft:total_world_time":16642,"minecraft:fall_one_cm":476,"minecraft:fly_one_cm":124046},"minecraft:used":{"securitycraft:diamond_mine":1,"mowziesmobs:foliaath_spawn_egg":2,"alexsmobs:spawn_egg_catfish":3,"minecraft:torch":1,"alexsmobs:spawn_egg_platypus":1,"minecraft:dirt":99,"minecraft:dirt_path":1,"securitycraft:keypad_item":1,"alexsmobs:spawn_egg_seal":1,"minecraft:grass_block":2,"securitycraft:admin_tool":1,"deeperdarker:warden_sword":8,"minecraft:chest":1,"securitycraft:keypad_frame":3,"securitycraft:remote_access_mine":1,"minecraft:splash_potion":3,"mowziesmobs:wrought_axe":1},"minecraft:killed":{"alexsmobs:seal":1,"alexsmobs:catfish":3,"alexsmobs:platypus":1},"minecraft:picked_up":{"alexsmobs:raw_catfish":8,"minecraft:poppy":1}},"DataVersion":3465}