{"stats":{"minecraft:dropped":{"minecraft:cooked_beef":4,"tombstone:gift":1,"waystones:waystone":1,"securitycraft:keypad_chest":1,"securitycraft:keypad_item":1},"minecraft:custom":{"minecraft:time_since_rest":27697,"minecraft:waystone_activated":4,"minecraft:sprint_one_cm":27311,"minecraft:damage_taken":40,"minecraft:walk_one_cm":44989,"minecraft:mob_kills":5,"minecraft:drop":8,"minecraft:damage_dealt":838,"minecraft:fly_one_cm":205919,"minecraft:open_chest":1,"minecraft:crouch_one_cm":2889,"minecraft:play_time":32275,"minecraft:deaths":1,"minecraft:sneak_time":1615,"minecraft:jump":133,"minecraft:walk_on_water_one_cm":213,"minecraft:time_since_death":28003,"minecraft:climb_one_cm":694,"minecraft:total_world_time":32275,"minecraft:fall_one_cm":1132},"minecraft:used":{"securitycraft:diamond_mine":3,"minecraft:oak_fence":5,"minecraft:mossy_cobblestone_stairs":14,"waystones:waystone":1,"minecraft:stone_brick_slab":4,"alexsmobs:spawn_egg_platypus":1,"minecraft:dirt_path":1,"alexsmobs:spawn_egg_seal":1,"minecraft:grass_block":2,"waystones:mossy_waystone":3,"minecraft:oak_planks":22,"deeperdarker:warden_sword":8,"minecraft:chest":1,"minecraft:stone_slab":8,"securitycraft:keypad_frame":3,"securitycraft:remote_access_mine":1,"minecraft:mossy_cobblestone_slab":5,"minecraft:stone_brick_stairs":10,"minecraft:stone_bricks":22,"minecraft:cracked_stone_bricks":9,"mowziesmobs:foliaath_spawn_egg":2,"minecraft:torch":1,"alexsmobs:spawn_egg_catfish":3,"minecraft:dirt":99,"minecraft:black_stained_glass":10,"securitycraft:keypad_item":1,"securitycraft:admin_tool":1,"minecraft:cobblestone_wall":6,"minecraft:white_stained_glass":11,"minecraft:stone_stairs":14,"minecraft:glass_pane":6,"minecraft:mossy_cobblestone_wall":5,"minecraft:stone_brick_wall":10,"minecraft:splash_potion":3,"mowziesmobs:wrought_axe":1},"minecraft:killed":{"alexsmobs:catfish":3,"alexsmobs:seal":1,"alexsmobs:platypus":1},"minecraft:picked_up":{"minecraft:dandelion":1,"alexsmobs:raw_catfish":8,"waystones:waystone":2,"minecraft:poppy":1}},"DataVersion":3465}