{"stats":{"minecraft:mined":{"minecraft:spruce_log":5,"minecraft:spruce_leaves":1},"minecraft:custom":{"minecraft:jump":40,"minecraft:time_since_rest":3366,"minecraft:crouch_one_cm":31,"minecraft:damage_dealt":6,"minecraft:leave_game":2,"minecraft:play_time":3366,"minecraft:sprint_one_cm":4600,"minecraft:damage_taken":105,"minecraft:time_since_death":3366,"minecraft:walk_one_cm":3707,"minecraft:sneak_time":50,"minecraft:total_world_time":3366,"minecraft:fall_one_cm":1641,"minecraft:fly_one_cm":5422},"minecraft:picked_up":{"minecraft:spruce_log":5},"minecraft:crafted":{"minecraft:spruce_planks":20}},"DataVersion":3465}