{"stats":{"minecraft:dropped":{"biomesoplenty:violet":1},"minecraft:killed":{"minecraft:pig":4,"alexsmobs:skunk":1,"minecraft:drowned":1},"minecraft:crafted":{"minecraft:oak_planks":32,"minecraft:crafting_table":2,"minecraft:spruce_planks":20,"minecraft:stick":8,"minecraft:wooden_pickaxe":1,"minecraft:stone_pickaxe":1,"minecraft:torch":16,"minecraft:stone_axe":1},"minecraft:used":{"minecraft:stone_pickaxe":48,"minecraft:wooden_pickaxe":12,"minecraft:rotten_flesh":1,"minecraft:torch":3,"minecraft:stone_axe":36,"minecraft:dirt":1,"minecraft:crafting_table":2,"minecraft:porkchop":7,"alexsmobs:animal_dictionary":2},"minecraft:picked_up":{"minecraft:stick":2,"minecraft:crafting_table":1,"minecraft:pumpkin":10,"biomesoplenty:violet":1,"minecraft:porkchop":7,"minecraft:oak_log":8,"minecraft:spruce_log":5,"minecraft:dirt":5,"minecraft:rotten_flesh":1,"minecraft:coal":6,"minecraft:cobblestone":52},"minecraft:custom":{"minecraft:time_since_rest":20856,"minecraft:sprint_one_cm":47986,"minecraft:damage_taken":185,"minecraft:walk_one_cm":36487,"minecraft:mob_kills":6,"minecraft:drop":1,"minecraft:damage_dealt":676,"minecraft:swim_one_cm":636,"minecraft:interact_with_crafting_table":3,"minecraft:fly_one_cm":77940,"minecraft:crouch_one_cm":1666,"minecraft:play_time":20856,"tombstone:undead_killed":1,"minecraft:sneak_time":1324,"minecraft:walk_under_water_one_cm":3054,"minecraft:jump":415,"minecraft:walk_on_water_one_cm":1385,"minecraft:time_since_death":20856,"minecraft:leave_game":2,"minecraft:total_world_time":20856,"minecraft:fall_one_cm":12168},"minecraft:mined":{"minecraft:podzol":1,"minecraft:spruce_log":5,"biomesoplenty:violet":1,"minecraft:pumpkin":10,"minecraft:crafting_table":1,"minecraft:grass":2,"minecraft:coal_ore":6,"minecraft:grass_block":1,"minecraft:oak_log":8,"minecraft:dirt":3,"biomesoplenty:sprout":4,"minecraft:spruce_leaves":1,"minecraft:stone":53,"minecraft:fern":1}},"DataVersion":3465}