{"stats":{"minecraft:dropped":{"biomesoplenty:violet":1,"alexsmobs:cockroach_wing_fragment":2,"tombstone:grave_dust":1},"minecraft:killed":{"minecraft:pig":5,"alexsmobs:skunk":1,"minecraft:spider":1,"minecraft:zombie":3,"minecraft:drowned":1},"minecraft:crafted":{"minecraft:oak_planks":32,"minecraft:crafting_table":4,"minecraft:spruce_planks":32,"minecraft:wooden_pickaxe":2,"minecraft:furnace":1,"minecraft:bucket":2,"minecraft:stone_axe":1,"minecraft:air":0,"minecraft:shield":1,"minecraft:stick":28,"minecraft:iron_ingot":11,"minecraft:iron_pickaxe":1,"minecraft:stone_pickaxe":1,"minecraft:torch":68},"minecraft:used":{"minecraft:water_bucket":1,"minecraft:stone_pickaxe":153,"minecraft:shield":13,"minecraft:wooden_pickaxe":87,"minecraft:rotten_flesh":2,"minecraft:torch":40,"minecraft:dirt":12,"minecraft:crafting_table":7,"minecraft:axolotl_bucket":3,"minecraft:iron_pickaxe":8,"minecraft:stone_axe":71,"minecraft:cobblestone":34,"minecraft:sweet_berries":26,"minecraft:furnace":1,"minecraft:porkchop":9,"minecraft:bucket":6,"tombstone:gift":2,"alexsmobs:animal_dictionary":2,"minecraft:cobbled_deepslate":2},"minecraft:picked_up":{"minecraft:iron_chestplate":1,"minecraft:crafting_table":5,"minecraft:andesite":9,"minecraft:brown_mushroom":1,"biomesoplenty:violet":1,"minecraft:oak_log":8,"minecraft:dirt":23,"minecraft:leather_boots":1,"minecraft:bone":2,"minecraft:wheat_seeds":2,"minecraft:cobbled_deepslate":17,"alexsmobs:cockroach_wing_fragment":2,"minecraft:stone_pickaxe":1,"minecraft:azalea":1,"minecraft:furnace":1,"minecraft:stick":3,"minecraft:raw_iron":6,"minecraft:pumpkin":10,"minecraft:sweet_berries":21,"minecraft:big_dripleaf":1,"minecraft:torch":4,"minecraft:gravel":1,"minecraft:porkchop":9,"tombstone:grave_dust":2,"minecraft:diorite":5,"minecraft:spruce_log":8,"minecraft:bundle":1,"minecraft:rotten_flesh":3,"minecraft:diamond":6,"minecraft:granite":5,"minecraft:coal":68,"minecraft:cobblestone":132},"minecraft:broken":{"minecraft:leather_boots":1,"minecraft:wooden_pickaxe":1},"minecraft:custom":{"minecraft:interact_with_furnace":8,"minecraft:mob_kills":11,"minecraft:interact_with_crafting_table":9,"minecraft:leave_game":3,"minecraft:time_since_death":7458,"minecraft:time_since_rest":6001,"minecraft:sprint_one_cm":153442,"minecraft:damage_taken":1100,"minecraft:walk_one_cm":152271,"minecraft:damage_blocked_by_shield":285,"minecraft:drop":4,"minecraft:damage_dealt":1724,"minecraft:swim_one_cm":636,"minecraft:fly_one_cm":130563,"minecraft:crouch_one_cm":12857,"minecraft:play_time":56762,"tombstone:undead_killed":4,"minecraft:deaths":2,"minecraft:sneak_time":7692,"minecraft:walk_under_water_one_cm":3054,"minecraft:jump":989,"minecraft:walk_on_water_one_cm":3379,"minecraft:total_world_time":56762,"minecraft:fall_one_cm":30193},"minecraft:mined":{"minecraft:podzol":3,"minecraft:brown_mushroom":1,"minecraft:deepslate_diamond_ore":6,"minecraft:sculk_vein":2,"minecraft:crafting_table":6,"minecraft:granite":5,"minecraft:grass_block":2,"minecraft:sculk_sensor":1,"minecraft:cobblestone":1,"minecraft:spruce_leaves":2,"biomesoplenty:sprout":4,"minecraft:sculk":31,"minecraft:diorite":6,"minecraft:wall_torch":4,"minecraft:big_dripleaf":1,"minecraft:furnace":1,"minecraft:sweet_berry_bush":8,"biomesoplenty:violet":1,"minecraft:spruce_log":8,"minecraft:andesite":9,"minecraft:pumpkin":10,"minecraft:grass":4,"minecraft:oak_log":8,"minecraft:coal_ore":43,"minecraft:deepslate_iron_ore":5,"minecraft:dirt":12,"minecraft:azalea":1,"minecraft:stone":130,"minecraft:deepslate":18,"minecraft:fern":3}},"DataVersion":3465}