{"stats":{"minecraft:dropped":{"biomesoplenty:violet":1,"tombstone:grave_dust":1},"minecraft:killed":{"minecraft:zombie":2,"minecraft:pig":5,"alexsmobs:skunk":1,"minecraft:spider":1,"minecraft:drowned":1},"minecraft:crafted":{"minecraft:oak_planks":32,"minecraft:crafting_table":2,"minecraft:spruce_planks":20,"minecraft:stick":8,"minecraft:wooden_pickaxe":1,"minecraft:stone_pickaxe":1,"minecraft:torch":16,"minecraft:stone_axe":1},"minecraft:used":{"minecraft:stone_pickaxe":84,"minecraft:wooden_pickaxe":12,"minecraft:rotten_flesh":1,"minecraft:torch":5,"minecraft:stone_axe":59,"minecraft:dirt":7,"minecraft:cobblestone":30,"minecraft:sweet_berries":7,"minecraft:crafting_table":3,"minecraft:porkchop":9,"alexsmobs:animal_dictionary":2},"minecraft:picked_up":{"minecraft:iron_chestplate":1,"minecraft:stick":3,"minecraft:crafting_table":2,"minecraft:sweet_berries":21,"minecraft:pumpkin":10,"minecraft:torch":4,"minecraft:gravel":1,"biomesoplenty:violet":1,"minecraft:porkchop":9,"minecraft:oak_log":8,"tombstone:grave_dust":1,"minecraft:spruce_log":5,"minecraft:dirt":13,"minecraft:bundle":1,"minecraft:bone":2,"minecraft:rotten_flesh":2,"minecraft:wheat_seeds":1,"minecraft:coal":36,"minecraft:cobblestone":58},"minecraft:custom":{"minecraft:time_since_rest":5365,"minecraft:interact_with_furnace":1,"minecraft:sprint_one_cm":74224,"minecraft:damage_taken":631,"minecraft:walk_one_cm":77166,"minecraft:mob_kills":10,"minecraft:drop":2,"minecraft:damage_dealt":1470,"minecraft:swim_one_cm":636,"minecraft:interact_with_crafting_table":3,"minecraft:fly_one_cm":103009,"minecraft:crouch_one_cm":4285,"minecraft:play_time":32856,"tombstone:undead_killed":3,"minecraft:deaths":1,"minecraft:sneak_time":2579,"minecraft:walk_under_water_one_cm":3054,"minecraft:jump":688,"minecraft:walk_on_water_one_cm":1385,"minecraft:time_since_death":6060,"minecraft:leave_game":2,"minecraft:total_world_time":32856,"minecraft:fall_one_cm":20506},"minecraft:mined":{"minecraft:podzol":1,"minecraft:sweet_berry_bush":8,"minecraft:spruce_log":5,"biomesoplenty:violet":1,"minecraft:pumpkin":10,"minecraft:crafting_table":2,"minecraft:grass":3,"minecraft:coal_ore":35,"minecraft:grass_block":2,"minecraft:oak_log":8,"minecraft:dirt":4,"biomesoplenty:sprout":4,"minecraft:spruce_leaves":2,"minecraft:stone":57,"minecraft:wall_torch":4,"minecraft:fern":3}},"DataVersion":3465}