{"stats":{"minecraft:dropped":{"biomesoplenty:violet":1,"alexsmobs:cockroach_wing_fragment":2,"tombstone:grave_dust":1},"minecraft:killed":{"minecraft:pig":5,"alexsmobs:skunk":1,"minecraft:spider":1,"minecraft:zombie":2,"minecraft:drowned":1},"minecraft:crafted":{"minecraft:oak_planks":32,"minecraft:crafting_table":3,"minecraft:spruce_planks":20,"minecraft:wooden_pickaxe":1,"minecraft:bucket":2,"minecraft:stone_axe":1,"minecraft:air":0,"minecraft:shield":1,"minecraft:stick":20,"minecraft:iron_ingot":7,"minecraft:stone_pickaxe":1,"minecraft:torch":68},"minecraft:used":{"minecraft:water_bucket":1,"minecraft:stone_pickaxe":97,"minecraft:wooden_pickaxe":12,"minecraft:rotten_flesh":1,"minecraft:torch":26,"minecraft:dirt":7,"minecraft:crafting_table":5,"minecraft:axolotl_bucket":3,"minecraft:stone_axe":62,"minecraft:cobblestone":30,"minecraft:sweet_berries":20,"minecraft:porkchop":9,"minecraft:bucket":6,"alexsmobs:animal_dictionary":2},"minecraft:picked_up":{"minecraft:iron_chestplate":1,"minecraft:crafting_table":3,"biomesoplenty:violet":1,"minecraft:oak_log":8,"minecraft:dirt":13,"minecraft:bone":2,"minecraft:wheat_seeds":2,"minecraft:cobbled_deepslate":2,"alexsmobs:cockroach_wing_fragment":2,"minecraft:azalea":1,"minecraft:stick":3,"minecraft:raw_iron":4,"minecraft:pumpkin":10,"minecraft:sweet_berries":21,"minecraft:big_dripleaf":1,"minecraft:torch":4,"minecraft:gravel":1,"minecraft:porkchop":9,"tombstone:grave_dust":1,"minecraft:spruce_log":5,"minecraft:bundle":1,"minecraft:rotten_flesh":2,"minecraft:coal":42,"minecraft:cobblestone":58},"minecraft:custom":{"minecraft:interact_with_furnace":2,"minecraft:mob_kills":10,"minecraft:interact_with_crafting_table":6,"minecraft:leave_game":3,"minecraft:time_since_death":17966,"minecraft:time_since_rest":17271,"minecraft:sprint_one_cm":108880,"minecraft:damage_taken":671,"minecraft:walk_one_cm":111294,"minecraft:drop":4,"minecraft:damage_dealt":1495,"minecraft:swim_one_cm":636,"minecraft:fly_one_cm":114640,"minecraft:crouch_one_cm":10931,"minecraft:play_time":44762,"tombstone:undead_killed":3,"minecraft:deaths":1,"minecraft:sneak_time":5258,"minecraft:walk_under_water_one_cm":3054,"minecraft:jump":851,"minecraft:walk_on_water_one_cm":3379,"minecraft:total_world_time":44762,"minecraft:fall_one_cm":27393},"minecraft:mined":{"minecraft:podzol":1,"minecraft:sculk_vein":2,"minecraft:crafting_table":4,"minecraft:grass_block":2,"minecraft:sculk_sensor":1,"minecraft:spruce_leaves":2,"biomesoplenty:sprout":4,"minecraft:sculk":14,"minecraft:wall_torch":4,"minecraft:big_dripleaf":1,"minecraft:sweet_berry_bush":8,"biomesoplenty:violet":1,"minecraft:spruce_log":5,"minecraft:pumpkin":10,"minecraft:grass":4,"minecraft:oak_log":8,"minecraft:coal_ore":41,"minecraft:deepslate_iron_ore":3,"minecraft:dirt":4,"minecraft:azalea":1,"minecraft:stone":57,"minecraft:deepslate":2,"minecraft:fern":3}},"DataVersion":3465}