{"stats":{"minecraft:crafted":{"minecraft:stone_axe":1,"minecraft:crafting_table":2,"minecraft:spruce_planks":20,"minecraft:stick":8,"minecraft:wooden_pickaxe":1,"minecraft:stone_pickaxe":1},"minecraft:killed":{"minecraft:pig":2},"minecraft:used":{"minecraft:stone_axe":4,"minecraft:crafting_table":2,"minecraft:porkchop":4,"minecraft:stone_pickaxe":19,"alexsmobs:animal_dictionary":2,"minecraft:wooden_pickaxe":12},"minecraft:picked_up":{"minecraft:crafting_table":1,"minecraft:porkchop":4,"minecraft:spruce_log":5,"minecraft:dirt":1,"minecraft:cobblestone":29},"minecraft:mined":{"minecraft:grass_block":1,"minecraft:spruce_leaves":1,"minecraft:spruce_log":5,"minecraft:stone":30,"minecraft:crafting_table":1},"minecraft:custom":{"minecraft:time_since_rest":8856,"minecraft:crouch_one_cm":534,"minecraft:sprint_one_cm":21412,"minecraft:play_time":8856,"minecraft:damage_taken":135,"minecraft:walk_one_cm":18328,"minecraft:sneak_time":294,"minecraft:mob_kills":2,"minecraft:jump":200,"minecraft:damage_dealt":196,"minecraft:leave_game":2,"minecraft:time_since_death":8856,"minecraft:total_world_time":8856,"minecraft:interact_with_crafting_table":3,"minecraft:fall_one_cm":6996,"minecraft:fly_one_cm":31938}},"DataVersion":3465}