{"stats":{"minecraft:killed":{"minecraft:spider":1,"alexsmobs:seagull":1,"minecraft:drowned":1,"minecraft:pig":5,"alexsmobs:skunk":1,"minecraft:creeper":1,"minecraft:sheep":1,"minecraft:zombie":6,"minecraft:cow":2},"minecraft:mined":{"minecraft:tuff":10,"minecraft:deepslate_diamond_ore":6,"minecraft:sculk_vein":2,"minecraft:granite":5,"minecraft:grass_block":2,"biomesoplenty:white_petals":1,"minecraft:spruce_leaves":6,"minecraft:kelp":1,"minecraft:furnace":3,"biomesoplenty:violet":1,"minecraft:andesite":9,"minecraft:pumpkin":10,"minecraft:deepslate_iron_ore":5,"minecraft:azalea":1,"minecraft:stone":137,"minecraft:podzol":3,"minecraft:brown_mushroom":1,"minecraft:kelp_plant":1,"minecraft:crafting_table":10,"minecraft:rose_bush":2,"minecraft:sculk_sensor":1,"minecraft:cobblestone":3,"biomesoplenty:sprout":5,"minecraft:sculk":31,"minecraft:diorite":8,"minecraft:wall_torch":5,"minecraft:big_dripleaf":1,"minecraft:sweet_berry_bush":8,"minecraft:spruce_log":8,"minecraft:grass":7,"minecraft:oak_log":8,"minecraft:coal_ore":43,"minecraft:sand":99,"minecraft:dirt":17,"minecraft:small_dripleaf":1,"minecraft:deepslate":38,"minecraft:fern":5},"minecraft:used":{"minecraft:stone_shovel":102,"minecraft:shield":23,"minecraft:rotten_flesh":3,"minecraft:torch":43,"minecraft:dirt":25,"minecraft:mutton":2,"minecraft:tuff":10,"minecraft:axolotl_bucket":3,"minecraft:spruce_boat":2,"alexsmobs:maggot":2,"biomesoplenty:white_petals":1,"minecraft:sweet_berries":26,"minecraft:furnace":2,"minecraft:cooked_cod":2,"tombstone:gift":4,"minecraft:cooked_beef":1,"minecraft:cobbled_deepslate":37,"minecraft:cooked_mutton":1,"minecraft:water_bucket":1,"minecraft:diorite":4,"minecraft:stone_pickaxe":202,"minecraft:wooden_pickaxe":87,"minecraft:sand":31,"minecraft:crafting_table":11,"minecraft:bread":2,"minecraft:iron_pickaxe":8,"minecraft:stone_axe":107,"minecraft:cobblestone":93,"minecraft:porkchop":9,"minecraft:bucket":6,"alexsmobs:animal_dictionary":3},"minecraft:broken":{"minecraft:wooden_pickaxe":1,"minecraft:stone_axe":1,"minecraft:leather_boots":1},"minecraft:dropped":{"minecraft:brown_mushroom":1,"minecraft:wheat_seeds":2,"minecraft:cooked_beef":1,"minecraft:leather":1,"minecraft:granite":5,"biomesoplenty:violet":1,"minecraft:diorite":3,"tombstone:grave_dust":4,"minecraft:gold_nugget":16,"minecraft:sand":33,"minecraft:white_wool":1,"minecraft:gold_ingot":2,"minecraft:bone":4,"minecraft:gravel":1,"minecraft:iron_nugget":2,"minecraft:raw_iron":2,"minecraft:filled_map":1,"minecraft:big_dripleaf":1,"alexsmobs:cockroach_wing_fragment":2,"minecraft:bundle":1,"minecraft:andesite":9,"minecraft:azalea":1,"minecraft:wooden_pickaxe":1,"minecraft:stone_pickaxe":1},"minecraft:custom":{"minecraft:mob_kills":19,"minecraft:interact_with_crafting_table":14,"minecraft:leave_game":7,"minecraft:time_since_death":44254,"minecraft:sprint_one_cm":198734,"minecraft:walk_one_cm":233047,"minecraft:damage_blocked_by_shield":505,"minecraft:drop":29,"minecraft:play_time":93558,"minecraft:deaths":2,"minecraft:sneak_time":14660,"minecraft:walk_under_water_one_cm":26677,"minecraft:boat_one_cm":146634,"minecraft:jump":1496,"minecraft:walk_on_water_one_cm":21165,"minecraft:total_world_time":93558,"minecraft:interact_with_furnace":15,"minecraft:time_since_rest":42797,"minecraft:waystone_activated":1,"minecraft:damage_taken":1602,"tombstone:sneak_grave":1,"minecraft:damage_dealt":3206,"minecraft:swim_one_cm":27119,"minecraft:fly_one_cm":196596,"minecraft:open_chest":12,"minecraft:crouch_one_cm":22173,"tombstone:undead_killed":7,"minecraft:fall_one_cm":39180},"minecraft:picked_up":{"minecraft:crafting_table":9,"minecraft:iron_chestplate":1,"minecraft:brown_mushroom":1,"biomesoplenty:violet":1,"minecraft:gold_nugget":8,"minecraft:cobbled_deepslate":37,"minecraft:beef":2,"minecraft:azalea":1,"minecraft:iron_pickaxe":1,"minecraft:furnace":3,"minecraft:stick":3,"minecraft:raw_iron":6,"minecraft:big_dripleaf":1,"minecraft:torch":11,"minecraft:porkchop":9,"tombstone:grave_dust":2,"minecraft:diorite":7,"minecraft:rotten_flesh":4,"biomesoplenty:white_petals":1,"minecraft:gold_ingot":1,"minecraft:mutton":2,"minecraft:white_wool":1,"minecraft:cobblestone":141,"minecraft:feather":2,"minecraft:andesite":9,"minecraft:leather":1,"minecraft:tuff":10,"minecraft:oak_log":8,"minecraft:gunpowder":2,"minecraft:dirt":27,"tombstone:gift":1,"minecraft:cooked_mutton":1,"minecraft:leather_boots":1,"minecraft:bone":4,"minecraft:wheat_seeds":2,"alexsmobs:cockroach_wing_fragment":2,"minecraft:stone_pickaxe":1,"minecraft:pumpkin":10,"minecraft:sweet_berries":21,"minecraft:gravel":1,"minecraft:sand":86,"minecraft:spruce_log":8,"minecraft:bundle":2,"minecraft:diamond":6,"minecraft:spruce_boat":1,"minecraft:granite":5,"alexsmobs:maggot":2,"minecraft:coal":131},"minecraft:crafted":{"minecraft:oak_planks":32,"minecraft:stone_shovel":1,"minecraft:furnace":1,"minecraft:stone_pickaxe":1,"minecraft:spruce_boat":1,"minecraft:cooked_beef":2,"minecraft:crafting_table":4,"minecraft:spruce_planks":32,"minecraft:wooden_pickaxe":2,"minecraft:bucket":2,"minecraft:stone_axe":2,"minecraft:air":0,"minecraft:shield":1,"minecraft:stick":28,"minecraft:iron_ingot":22,"minecraft:iron_pickaxe":1,"minecraft:torch":68}},"DataVersion":3465}