{"stats":{"minecraft:dropped":{"minecraft:gravel":1,"minecraft:brown_mushroom":1,"minecraft:wheat_seeds":2,"minecraft:iron_nugget":2,"minecraft:cooked_beef":1,"minecraft:raw_iron":2,"minecraft:leather":1,"minecraft:granite":5,"biomesoplenty:violet":1,"minecraft:big_dripleaf":1,"minecraft:diorite":3,"alexsmobs:cockroach_wing_fragment":2,"minecraft:andesite":9,"minecraft:azalea":1,"tombstone:grave_dust":4,"minecraft:gold_nugget":16,"minecraft:wooden_pickaxe":1,"minecraft:stone_pickaxe":1,"minecraft:white_wool":1,"minecraft:gold_ingot":2,"minecraft:bone":4},"minecraft:killed":{"minecraft:pig":5,"alexsmobs:skunk":1,"minecraft:spider":1,"minecraft:sheep":1,"minecraft:zombie":5,"minecraft:drowned":1,"minecraft:cow":2},"minecraft:crafted":{"minecraft:cooked_beef":2,"minecraft:oak_planks":32,"minecraft:crafting_table":4,"minecraft:spruce_planks":32,"minecraft:wooden_pickaxe":2,"minecraft:furnace":1,"minecraft:bucket":2,"minecraft:stone_axe":2,"minecraft:air":0,"minecraft:shield":1,"minecraft:stick":28,"minecraft:iron_ingot":11,"minecraft:iron_pickaxe":1,"minecraft:stone_pickaxe":1,"minecraft:spruce_boat":1,"minecraft:torch":68},"minecraft:picked_up":{"minecraft:crafting_table":8,"minecraft:iron_chestplate":1,"minecraft:andesite":9,"minecraft:leather":1,"minecraft:brown_mushroom":1,"biomesoplenty:violet":1,"minecraft:tuff":10,"minecraft:oak_log":8,"minecraft:dirt":25,"tombstone:gift":1,"minecraft:cooked_mutton":1,"minecraft:leather_boots":1,"minecraft:bone":4,"minecraft:wheat_seeds":2,"minecraft:gold_nugget":8,"minecraft:cobbled_deepslate":37,"alexsmobs:cockroach_wing_fragment":2,"minecraft:beef":2,"minecraft:stone_pickaxe":1,"minecraft:azalea":1,"minecraft:furnace":3,"minecraft:stick":3,"minecraft:raw_iron":6,"minecraft:pumpkin":10,"minecraft:sweet_berries":21,"minecraft:big_dripleaf":1,"minecraft:torch":10,"minecraft:gravel":1,"minecraft:porkchop":9,"tombstone:grave_dust":2,"minecraft:diorite":7,"minecraft:spruce_log":8,"minecraft:bundle":1,"minecraft:rotten_flesh":3,"minecraft:diamond":6,"minecraft:spruce_boat":1,"minecraft:granite":5,"minecraft:gold_ingot":1,"alexsmobs:maggot":2,"minecraft:mutton":2,"minecraft:coal":131,"minecraft:white_wool":1,"minecraft:cobblestone":141},"minecraft:used":{"minecraft:cooked_mutton":1,"minecraft:water_bucket":1,"minecraft:diorite":4,"minecraft:stone_pickaxe":202,"minecraft:wooden_pickaxe":87,"minecraft:shield":17,"minecraft:rotten_flesh":3,"minecraft:torch":42,"minecraft:dirt":25,"minecraft:mutton":2,"minecraft:crafting_table":10,"minecraft:tuff":10,"minecraft:axolotl_bucket":3,"minecraft:spruce_boat":2,"alexsmobs:maggot":2,"minecraft:iron_pickaxe":8,"minecraft:stone_axe":97,"minecraft:cobblestone":93,"minecraft:sweet_berries":26,"minecraft:furnace":2,"minecraft:porkchop":9,"minecraft:bucket":6,"tombstone:gift":4,"alexsmobs:animal_dictionary":2,"minecraft:cooked_beef":1,"minecraft:cobbled_deepslate":37},"minecraft:broken":{"minecraft:stone_axe":1,"minecraft:leather_boots":1,"minecraft:wooden_pickaxe":1},"minecraft:custom":{"minecraft:interact_with_furnace":13,"minecraft:mob_kills":16,"minecraft:interact_with_crafting_table":13,"minecraft:leave_game":4,"minecraft:time_since_death":30959,"minecraft:time_since_rest":29502,"minecraft:waystone_activated":1,"minecraft:sprint_one_cm":178643,"minecraft:damage_taken":1434,"minecraft:walk_one_cm":201844,"minecraft:damage_blocked_by_shield":385,"tombstone:sneak_grave":1,"minecraft:drop":26,"minecraft:damage_dealt":2751,"minecraft:swim_one_cm":21895,"minecraft:fly_one_cm":168256,"minecraft:open_chest":4,"minecraft:crouch_one_cm":21315,"minecraft:play_time":80263,"tombstone:undead_killed":6,"minecraft:deaths":2,"minecraft:sneak_time":12287,"minecraft:walk_under_water_one_cm":8366,"minecraft:boat_one_cm":146634,"minecraft:jump":1343,"minecraft:walk_on_water_one_cm":15636,"minecraft:total_world_time":80263,"minecraft:fall_one_cm":37539},"minecraft:mined":{"minecraft:podzol":3,"minecraft:tuff":10,"minecraft:brown_mushroom":1,"minecraft:deepslate_diamond_ore":6,"minecraft:sculk_vein":2,"minecraft:crafting_table":9,"minecraft:granite":5,"minecraft:grass_block":2,"minecraft:rose_bush":2,"minecraft:sculk_sensor":1,"minecraft:cobblestone":3,"minecraft:spruce_leaves":6,"biomesoplenty:sprout":5,"minecraft:sculk":31,"minecraft:diorite":8,"minecraft:wall_torch":5,"minecraft:big_dripleaf":1,"minecraft:furnace":3,"minecraft:sweet_berry_bush":8,"biomesoplenty:violet":1,"minecraft:spruce_log":8,"minecraft:andesite":9,"minecraft:pumpkin":10,"minecraft:grass":7,"minecraft:oak_log":8,"minecraft:coal_ore":43,"minecraft:deepslate_iron_ore":5,"minecraft:dirt":15,"minecraft:azalea":1,"minecraft:stone":137,"minecraft:small_dripleaf":1,"minecraft:deepslate":38,"minecraft:fern":5}},"DataVersion":3465}