{"stats":{"minecraft:dropped":{"minecraft:glass_bottle":2,"minecraft:cobblestone":45,"minecraft:iron_boots":1,"minecraft:torchflower_seeds":3,"minecraft:pumpkin_seeds":3,"minecraft:tipped_arrow":1,"minecraft:shield":1,"minecraft:ink_sac":3,"minecraft:mossy_stone_bricks":1,"minecraft:beetroot_seeds":4,"minecraft:melon_seeds":4,"minecraft:bow":3,"minecraft:potion":1,"tombstone:grave_dust":3,"minecraft:iron_leggings":1,"minecraft:iron_bars":1,"minecraft:iron_pickaxe":1,"minecraft:chainmail_leggings":2},"minecraft:crafted":{"minecraft:cooked_porkchop":8,"minecraft:crafting_table":1,"minecraft:spruce_planks":56,"minecraft:wooden_pickaxe":1,"minecraft:furnace":1,"minecraft:stone_axe":1,"minecraft:air":0,"minecraft:iron_boots":1,"minecraft:iron_chestplate":1,"minecraft:diamond_pickaxe":1,"minecraft:shield":2,"minecraft:stick":20,"minecraft:iron_ingot":4,"minecraft:iron_pickaxe":1,"minecraft:stone_pickaxe":1,"minecraft:stone_sword":1,"minecraft:iron_leggings":1,"minecraft:spruce_boat":1,"minecraft:torch":4},"minecraft:killed":{"minecraft:cave_spider":3,"minecraft:pig":4,"minecraft:zombie_villager":1,"minecraft:spider":3,"minecraft:skeleton":11,"minecraft:zombie":14,"minecraft:chicken":1,"minecraft:stray":3,"minecraft:wither_skeleton":2},"minecraft:used":{"minecraft:iron_bars":2,"minecraft:stone_sword":30,"minecraft:stone_pickaxe":27,"minecraft:baked_potato":2,"minecraft:wooden_pickaxe":12,"minecraft:shield":38,"minecraft:iron_sword":101,"minecraft:cooked_chicken":1,"minecraft:rotten_flesh":3,"minecraft:torch":59,"minecraft:crafting_table":3,"minecraft:granite":3,"minecraft:spruce_boat":1,"tombstone:bag_of_seeds":5,"minecraft:diamond_pickaxe":65,"minecraft:chicken":1,"minecraft:iron_pickaxe":48,"minecraft:diamond_sword":15,"minecraft:stone_axe":18,"minecraft:potion":2,"minecraft:bow":15,"minecraft:cobblestone":111,"minecraft:furnace":2,"minecraft:cooked_porkchop":8,"minecraft:andesite":1,"tombstone:gift":2,"alexsmobs:animal_dictionary":1,"minecraft:cooked_beef":2},"minecraft:picked_up":{"minecraft:cocoa_beans":2,"minecraft:crafting_table":3,"minecraft:chicken":1,"minecraft:andesite":1,"minecraft:shield":1,"minecraft:string":7,"minecraft:bone":22,"minecraft:bow":3,"minecraft:wheat_seeds":1,"minecraft:iron_ingot":1,"tombstone:bag_of_seeds":2,"minecraft:mossy_stone_bricks":2,"minecraft:iron_pickaxe":1,"minecraft:pitcher_pod":2,"minecraft:tipped_arrow":1,"minecraft:furnace":2,"minecraft:book":6,"minecraft:raw_iron":4,"minecraft:torchflower_seeds":2,"minecraft:torch":13,"minecraft:oak_pressure_plate":1,"minecraft:porkchop":8,"tombstone:grave_dust":3,"minecraft:ink_sac":3,"minecraft:spruce_log":14,"minecraft:spider_eye":2,"minecraft:quartz_block":2,"minecraft:bundle":1,"minecraft:arrow":17,"minecraft:rotten_flesh":18,"minecraft:beetroot_seeds":4,"minecraft:spruce_boat":1,"minecraft:diamond_axe":1,"minecraft:chainmail_leggings":1,"minecraft:granite":3,"minecraft:melon_seeds":3,"minecraft:iron_bars":10,"minecraft:coal":92,"minecraft:cobblestone":86},"minecraft:mined":{"minecraft:quartz_block":5,"minecraft:mossy_cobblestone":1,"minecraft:crafting_table":3,"minecraft:torch":10,"minecraft:granite":3,"minecraft:oak_pressure_plate":1,"minecraft:cobblestone":14,"minecraft:spruce_leaves":3,"biomesoplenty:sprout":1,"minecraft:spawner":20,"minecraft:furnace":2,"minecraft:fire":3,"minecraft:iron_ore":4,"minecraft:spruce_log":14,"minecraft:andesite":1,"minecraft:bookshelf":2,"minecraft:coal_ore":45,"minecraft:iron_bars":10,"minecraft:gravel":1,"minecraft:cracked_stone_bricks":1,"minecraft:stone_bricks":2,"minecraft:stone":30,"minecraft:netherrack":1,"minecraft:mossy_stone_bricks":2},"minecraft:custom":{"minecraft:interact_with_furnace":10,"minecraft:mob_kills":47,"minecraft:interact_with_crafting_table":11,"minecraft:time_since_death":54291,"minecraft:leave_game":1,"minecraft:climb_one_cm":1140,"minecraft:time_since_rest":54291,"minecraft:sprint_one_cm":247160,"minecraft:damage_taken":1007,"minecraft:walk_one_cm":72916,"minecraft:damage_blocked_by_shield":1050,"minecraft:drop":26,"minecraft:damage_dealt":6594,"minecraft:damage_dealt_absorbed":109,"minecraft:fly_one_cm":103447,"minecraft:open_chest":51,"minecraft:crouch_one_cm":11290,"minecraft:play_time":54291,"tombstone:undead_killed":31,"minecraft:sneak_time":3961,"minecraft:walk_under_water_one_cm":4572,"minecraft:boat_one_cm":115093,"minecraft:jump":660,"minecraft:walk_on_water_one_cm":7061,"minecraft:total_world_time":54291,"minecraft:fall_one_cm":7068}},"DataVersion":3465}