{"stats":{"minecraft:dropped":{"minecraft:glass_bottle":2,"minecraft:torchflower_seeds":3,"minecraft:pumpkin_seeds":3,"minecraft:shield":1,"minecraft:ink_sac":3,"minecraft:beetroot_seeds":4,"minecraft:melon_seeds":4,"tombstone:grave_dust":1,"minecraft:iron_leggings":1,"minecraft:iron_bars":1,"minecraft:iron_pickaxe":1,"minecraft:chainmail_leggings":2},"minecraft:crafted":{"minecraft:cooked_porkchop":8,"minecraft:crafting_table":1,"minecraft:spruce_planks":56,"minecraft:wooden_pickaxe":1,"minecraft:furnace":1,"minecraft:stone_axe":1,"minecraft:air":0,"minecraft:iron_boots":1,"minecraft:iron_chestplate":1,"minecraft:diamond_pickaxe":1,"minecraft:shield":2,"minecraft:stick":20,"minecraft:iron_ingot":4,"minecraft:iron_pickaxe":1,"minecraft:stone_pickaxe":1,"minecraft:stone_sword":1,"minecraft:iron_leggings":1,"minecraft:spruce_boat":1,"minecraft:torch":4},"minecraft:killed":{"minecraft:pig":4,"minecraft:zombie_villager":1,"minecraft:spider":3,"minecraft:skeleton":8,"minecraft:zombie":8,"minecraft:chicken":1},"minecraft:used":{"minecraft:iron_bars":2,"minecraft:stone_sword":30,"minecraft:stone_pickaxe":27,"minecraft:wooden_pickaxe":12,"minecraft:shield":34,"minecraft:iron_sword":61,"minecraft:rotten_flesh":3,"minecraft:torch":27,"minecraft:crafting_table":3,"minecraft:granite":3,"minecraft:spruce_boat":1,"tombstone:bag_of_seeds":1,"minecraft:diamond_pickaxe":35,"minecraft:chicken":1,"minecraft:iron_pickaxe":48,"minecraft:stone_axe":18,"minecraft:potion":2,"minecraft:bow":7,"minecraft:cobblestone":52,"minecraft:furnace":2,"minecraft:cooked_porkchop":6,"minecraft:andesite":1,"tombstone:gift":2,"alexsmobs:animal_dictionary":1,"minecraft:cooked_beef":2},"minecraft:picked_up":{"minecraft:crafting_table":3,"minecraft:chicken":1,"minecraft:andesite":1,"minecraft:shield":1,"minecraft:string":1,"minecraft:bone":6,"minecraft:iron_ingot":1,"tombstone:bag_of_seeds":1,"minecraft:iron_pickaxe":1,"minecraft:furnace":2,"minecraft:book":6,"minecraft:raw_iron":4,"minecraft:torch":10,"minecraft:oak_pressure_plate":1,"minecraft:porkchop":8,"tombstone:grave_dust":1,"minecraft:ink_sac":3,"minecraft:spruce_log":14,"minecraft:spider_eye":2,"minecraft:bundle":1,"minecraft:arrow":9,"minecraft:rotten_flesh":12,"minecraft:beetroot_seeds":4,"minecraft:spruce_boat":1,"minecraft:chainmail_leggings":1,"minecraft:granite":3,"minecraft:melon_seeds":3,"minecraft:iron_bars":10,"minecraft:coal":92,"minecraft:cobblestone":36},"minecraft:mined":{"minecraft:crafting_table":3,"minecraft:torch":9,"minecraft:granite":3,"minecraft:oak_pressure_plate":1,"minecraft:cobblestone":9,"minecraft:spruce_leaves":3,"biomesoplenty:sprout":1,"minecraft:spawner":8,"minecraft:furnace":2,"minecraft:fire":3,"minecraft:iron_ore":4,"minecraft:spruce_log":14,"minecraft:andesite":1,"minecraft:bookshelf":2,"minecraft:coal_ore":45,"minecraft:iron_bars":10,"minecraft:stone":30,"minecraft:netherrack":1},"minecraft:custom":{"minecraft:interact_with_furnace":10,"minecraft:mob_kills":29,"minecraft:interact_with_crafting_table":11,"minecraft:time_since_death":42291,"minecraft:leave_game":1,"minecraft:climb_one_cm":1140,"minecraft:time_since_rest":42291,"minecraft:sprint_one_cm":178062,"minecraft:damage_taken":705,"minecraft:walk_one_cm":55346,"minecraft:damage_blocked_by_shield":895,"minecraft:drop":17,"minecraft:damage_dealt":4103,"minecraft:damage_dealt_absorbed":80,"minecraft:fly_one_cm":89422,"minecraft:open_chest":32,"minecraft:crouch_one_cm":8675,"minecraft:play_time":42291,"tombstone:undead_killed":17,"minecraft:sneak_time":3181,"minecraft:walk_under_water_one_cm":4274,"minecraft:boat_one_cm":115093,"minecraft:jump":540,"minecraft:walk_on_water_one_cm":1579,"minecraft:total_world_time":42291,"minecraft:fall_one_cm":6464}},"DataVersion":3465}