{"stats":{"minecraft:killed":{"minecraft:cave_spider":5,"minecraft:spider":16,"minecraft:skeleton":17,"minecraft:chicken":1,"creeperoverhaul:cave_creeper":2,"minecraft:pig":4,"minecraft:zombie_villager":4,"minecraft:creeper":1,"minecraft:pillager":8,"minecraft:zombie":42,"minecraft:stray":18,"minecraft:wither_skeleton":2,"mowziesmobs:naga":1},"minecraft:mined":{"minecraft:stone_pressure_plate":1,"minecraft:white_bed":2,"minecraft:mossy_cobblestone":2,"minecraft:nether_bricks":6,"minecraft:granite":3,"minecraft:grass_block":9,"minecraft:oak_pressure_plate":1,"minecraft:coal_block":29,"minecraft:spruce_leaves":3,"minecraft:spawner":69,"minecraft:hay_block":6,"minecraft:furnace":2,"minecraft:iron_ore":4,"minecraft:fire":3,"minecraft:andesite":1,"minecraft:peony":1,"minecraft:nether_brick_stairs":1,"minecraft:bookshelf":74,"minecraft:vine":17,"minecraft:iron_bars":20,"minecraft:stone":32,"minecraft:quartz_block":26,"minecraft:oak_fence":1,"minecraft:crafting_table":3,"minecraft:torch":15,"minecraft:andesite_wall":1,"minecraft:tall_grass":11,"minecraft:cobblestone":25,"biomesoplenty:sprout":1,"minecraft:wheat":1006,"minecraft:spruce_log":14,"minecraft:grass":21,"minecraft:oak_log":2,"minecraft:coal_ore":45,"minecraft:gravel":1,"minecraft:dirt":9,"minecraft:cobweb":2,"minecraft:cracked_stone_bricks":1,"minecraft:stone_bricks":5,"minecraft:netherrack":1,"minecraft:mossy_stone_bricks":3},"minecraft:used":{"minecraft:iron_bars":2,"minecraft:stone_sword":30,"minecraft:chest":1,"minecraft:spruce_planks":1,"minecraft:shield":49,"minecraft:iron_sword":101,"minecraft:cooked_chicken":3,"minecraft:rotten_flesh":3,"minecraft:iron_chestplate":1,"minecraft:torch":142,"minecraft:dirt":2,"minecraft:chainmail_chestplate":1,"minecraft:carrot":2,"minecraft:granite":3,"minecraft:spruce_boat":1,"minecraft:bookshelf":8,"minecraft:grass_block":9,"minecraft:iron_helmet":1,"minecraft:bow":43,"minecraft:furnace":2,"tombstone:gift":4,"minecraft:stone_pressure_plate":1,"minecraft:cooked_beef":6,"minecraft:cooked_mutton":2,"minecraft:stone_pickaxe":27,"minecraft:baked_potato":2,"minecraft:wooden_pickaxe":12,"minecraft:diamond_axe":95,"minecraft:golden_apple":11,"minecraft:crafting_table":5,"minecraft:white_bed":3,"tombstone:bag_of_seeds":5,"minecraft:diamond_pickaxe":214,"minecraft:diamond_shovel":22,"minecraft:chicken":1,"minecraft:bread":30,"minecraft:iron_pickaxe":48,"minecraft:gravel":1,"minecraft:stone_axe":18,"minecraft:diamond_sword":940,"minecraft:cobblestone":186,"minecraft:potion":5,"minecraft:cooked_porkchop":8,"minecraft:andesite":1,"alexsmobs:animal_dictionary":1,"minecraft:experience_bottle":1,"minecraft:cobweb":2},"minecraft:broken":{"minecraft:chainmail_leggings":1,"minecraft:chainmail_helmet":1},"minecraft:dropped":{"minecraft:bread":1,"minecraft:enchanted_book":1,"minecraft:iron_ingot":6,"minecraft:wheat_seeds":304,"minecraft:cooked_beef":4,"minecraft:glass_bottle":5,"minecraft:iron_helmet":1,"minecraft:cobblestone":136,"minecraft:book":11,"minecraft:coal":6,"minecraft:dirt":6,"minecraft:ink_sac":3,"tombstone:grave_dust":3,"minecraft:potion":1,"minecraft:iron_leggings":1,"minecraft:iron_pickaxe":1,"minecraft:chainmail_leggings":2,"minecraft:string":1,"minecraft:gold_ingot":4,"minecraft:bone":1,"minecraft:stone_sword":1,"minecraft:wheat":65,"tombstone:gift":1,"minecraft:rotten_flesh":25,"minecraft:oak_planks":4,"minecraft:iron_boots":5,"minecraft:nether_bricks":5,"minecraft:torchflower_seeds":3,"minecraft:pumpkin_seeds":3,"minecraft:tipped_arrow":1,"minecraft:shield":2,"minecraft:peony":1,"minecraft:iron_chestplate":2,"minecraft:beetroot_seeds":4,"minecraft:melon_seeds":4,"minecraft:mossy_stone_bricks":1,"minecraft:leather_boots":1,"minecraft:leather_leggings":1,"minecraft:golden_sword":1,"minecraft:spider_eye":6,"minecraft:iron_bars":1,"minecraft:bow":3},"minecraft:custom":{"minecraft:mob_kills":129,"minecraft:interact_with_crafting_table":30,"minecraft:eat_cake_slice":7,"minecraft:leave_game":4,"minecraft:time_since_death":132217,"minecraft:climb_one_cm":5568,"minecraft:sprint_one_cm":898973,"minecraft:walk_one_cm":198543,"minecraft:damage_blocked_by_shield":1505,"minecraft:drop":77,"minecraft:damage_dealt_absorbed":189,"minecraft:play_time":132217,"minecraft:sneak_time":4768,"minecraft:walk_under_water_one_cm":4944,"minecraft:boat_one_cm":115093,"minecraft:jump":2041,"minecraft:walk_on_water_one_cm":9745,"minecraft:total_world_time":132217,"minecraft:interact_with_furnace":10,"tombstone:raider_killed":14,"minecraft:sleep_in_bed":5,"minecraft:time_since_rest":8139,"minecraft:damage_taken":3484,"minecraft:damage_absorbed":356,"minecraft:damage_dealt":19973,"minecraft:swim_one_cm":17776,"minecraft:fly_one_cm":414385,"minecraft:open_chest":178,"minecraft:crouch_one_cm":14301,"tombstone:undead_killed":83,"minecraft:fall_one_cm":26690},"minecraft:picked_up":{"minecraft:cocoa_beans":2,"minecraft:crafting_table":3,"minecraft:iron_chestplate":2,"minecraft:wheat":1138,"minecraft:chicken":1,"minecraft:leather_leggings":1,"minecraft:enchanted_book":1,"minecraft:shield":2,"minecraft:golden_sword":1,"minecraft:string":19,"minecraft:experience_bottle":1,"minecraft:iron_pickaxe":1,"minecraft:coal_block":28,"minecraft:furnace":2,"minecraft:iron_boots":2,"minecraft:tipped_arrow":2,"minecraft:raw_iron":5,"minecraft:oak_fence":1,"minecraft:torch":19,"minecraft:porkchop":8,"tombstone:grave_dust":5,"minecraft:carrot":1,"minecraft:stone_pressure_plate":1,"minecraft:quartz_block":4,"minecraft:stone_sword":1,"minecraft:arrow":38,"minecraft:rotten_flesh":37,"minecraft:beetroot_seeds":4,"minecraft:peony":1,"minecraft:nether_bricks":5,"minecraft:hay_block":6,"minecraft:bookshelf":72,"minecraft:iron_bars":15,"minecraft:cobblestone":143,"minecraft:cooked_beef":4,"minecraft:andesite":1,"minecraft:oak_log":2,"minecraft:gunpowder":2,"minecraft:dirt":8,"minecraft:lantern":5,"tombstone:gift":2,"minecraft:leather_boots":2,"minecraft:bone":36,"minecraft:stone_bricks":3,"minecraft:bow":3,"minecraft:wheat_seeds":304,"minecraft:iron_ingot":1,"tombstone:bag_of_seeds":2,"minecraft:mossy_stone_bricks":3,"minecraft:pitcher_pod":2,"minecraft:book":6,"minecraft:oak_pressure_plate":1,"minecraft:torchflower_seeds":2,"minecraft:gravel":1,"minecraft:white_bed":2,"minecraft:grass_block":9,"minecraft:ink_sac":3,"minecraft:spruce_log":14,"minecraft:spider_eye":6,"mowziesmobs:naga_fang":1,"minecraft:bundle":1,"minecraft:spruce_boat":1,"waystones:waystone":1,"minecraft:chainmail_leggings":1,"minecraft:granite":3,"minecraft:diamond_axe":1,"minecraft:melon_seeds":3,"minecraft:coal":92},"minecraft:crafted":{"minecraft:oak_planks":8,"minecraft:furnace":1,"minecraft:iron_boots":1,"minecraft:stone_pickaxe":1,"minecraft:chest":1,"minecraft:spruce_boat":1,"minecraft:coal_block":5,"minecraft:cooked_porkchop":8,"minecraft:crafting_table":3,"minecraft:spruce_planks":56,"minecraft:wooden_pickaxe":1,"minecraft:gold_block":9,"minecraft:hay_block":117,"minecraft:stone_axe":1,"minecraft:bread":7,"minecraft:air":0,"minecraft:white_wool":3,"minecraft:iron_chestplate":1,"minecraft:diamond_pickaxe":1,"minecraft:shield":2,"minecraft:stick":44,"minecraft:iron_ingot":4,"minecraft:iron_pickaxe":1,"minecraft:iron_block":11,"minecraft:stone_sword":1,"minecraft:iron_leggings":1,"minecraft:white_bed":1,"minecraft:torch":44}},"DataVersion":3465}