{"stats":{"minecraft:crafted":{"minecraft:stone_sword":1,"minecraft:stone_axe":1,"minecraft:crafting_table":1,"minecraft:spruce_planks":28,"minecraft:stick":8,"minecraft:wooden_pickaxe":1,"minecraft:stone_pickaxe":1},"minecraft:used":{"minecraft:stone_axe":10,"minecraft:crafting_table":1,"minecraft:stone_pickaxe":13,"alexsmobs:animal_dictionary":1,"minecraft:wooden_pickaxe":12},"minecraft:picked_up":{"minecraft:raw_iron":4,"minecraft:crafting_table":1,"minecraft:andesite":1,"minecraft:spruce_log":14,"minecraft:coal":8,"minecraft:cobblestone":12},"minecraft:mined":{"minecraft:coal_ore":8,"minecraft:iron_ore":4,"minecraft:spruce_log":14,"minecraft:spruce_leaves":3,"minecraft:stone":12,"minecraft:andesite":1,"minecraft:crafting_table":1},"minecraft:custom":{"minecraft:time_since_rest":6291,"minecraft:crouch_one_cm":669,"minecraft:play_time":6291,"minecraft:sprint_one_cm":25365,"minecraft:damage_taken":30,"minecraft:walk_one_cm":4479,"minecraft:sneak_time":251,"minecraft:jump":107,"minecraft:time_since_death":6291,"minecraft:leave_game":1,"minecraft:total_world_time":6291,"minecraft:interact_with_crafting_table":2,"minecraft:fall_one_cm":3447,"minecraft:fly_one_cm":23885}},"DataVersion":3465}