{"stats":{"minecraft:dropped":{"minecraft:ink_sac":3,"minecraft:iron_pickaxe":1},"minecraft:crafted":{"minecraft:shield":1,"minecraft:crafting_table":1,"minecraft:spruce_planks":56,"minecraft:stick":20,"minecraft:wooden_pickaxe":1,"minecraft:iron_ingot":4,"minecraft:iron_pickaxe":1,"minecraft:stone_pickaxe":1,"minecraft:stone_sword":1,"minecraft:furnace":1,"minecraft:spruce_boat":1,"minecraft:torch":4,"minecraft:stone_axe":1,"minecraft:air":0},"minecraft:killed":{"minecraft:skeleton":1,"minecraft:pig":4,"minecraft:zombie":2,"minecraft:chicken":1},"minecraft:picked_up":{"minecraft:crafting_table":3,"minecraft:raw_iron":4,"minecraft:chicken":1,"minecraft:andesite":1,"minecraft:torch":1,"minecraft:porkchop":8,"minecraft:ink_sac":3,"minecraft:spruce_log":14,"minecraft:arrow":2,"minecraft:rotten_flesh":3,"minecraft:spruce_boat":1,"minecraft:granite":3,"tombstone:bag_of_seeds":1,"minecraft:iron_pickaxe":1,"minecraft:coal":51,"minecraft:cobblestone":30,"minecraft:furnace":1},"minecraft:used":{"tombstone:bag_of_seeds":1,"minecraft:spruce_boat":1,"minecraft:stone_sword":23,"minecraft:chicken":1,"minecraft:stone_pickaxe":27,"minecraft:iron_pickaxe":45,"minecraft:shield":4,"minecraft:wooden_pickaxe":12,"minecraft:rotten_flesh":3,"minecraft:stone_axe":16,"minecraft:torch":1,"minecraft:cobblestone":3,"minecraft:crafting_table":3,"minecraft:furnace":2,"minecraft:andesite":1,"alexsmobs:animal_dictionary":1,"minecraft:granite":3},"minecraft:mined":{"minecraft:furnace":1,"minecraft:iron_ore":4,"minecraft:spruce_log":14,"minecraft:andesite":1,"minecraft:torch":1,"minecraft:crafting_table":3,"minecraft:granite":3,"minecraft:coal_ore":45,"biomesoplenty:sprout":1,"minecraft:spruce_leaves":3,"minecraft:stone":30},"minecraft:custom":{"minecraft:time_since_rest":18291,"minecraft:interact_with_furnace":5,"minecraft:sprint_one_cm":50069,"minecraft:damage_taken":30,"minecraft:walk_one_cm":17441,"minecraft:damage_blocked_by_shield":125,"minecraft:mob_kills":8,"minecraft:drop":4,"minecraft:damage_dealt":1020,"minecraft:interact_with_crafting_table":8,"minecraft:fly_one_cm":45061,"minecraft:crouch_one_cm":5906,"minecraft:play_time":18291,"tombstone:undead_killed":3,"minecraft:sneak_time":2265,"minecraft:walk_under_water_one_cm":4274,"minecraft:boat_one_cm":115093,"minecraft:jump":292,"minecraft:walk_on_water_one_cm":1579,"minecraft:leave_game":1,"minecraft:time_since_death":18291,"minecraft:total_world_time":18291,"minecraft:fall_one_cm":4821}},"DataVersion":3465}