{"stats":{"minecraft:dropped":{"minecraft:cooked_beef":4,"minecraft:glass_bottle":4,"minecraft:iron_helmet":1,"minecraft:cobblestone":45,"minecraft:ink_sac":3,"tombstone:grave_dust":3,"minecraft:potion":1,"minecraft:iron_leggings":1,"minecraft:iron_pickaxe":1,"minecraft:chainmail_leggings":2,"minecraft:string":1,"tombstone:gift":1,"minecraft:rotten_flesh":8,"minecraft:iron_boots":3,"minecraft:torchflower_seeds":3,"minecraft:pumpkin_seeds":3,"minecraft:tipped_arrow":1,"minecraft:shield":1,"minecraft:iron_chestplate":1,"minecraft:beetroot_seeds":4,"minecraft:melon_seeds":4,"minecraft:mossy_stone_bricks":1,"minecraft:leather_boots":1,"minecraft:golden_sword":1,"minecraft:leather_leggings":1,"minecraft:iron_bars":1,"minecraft:bow":3},"minecraft:crafted":{"minecraft:furnace":1,"minecraft:iron_boots":1,"minecraft:stone_pickaxe":1,"minecraft:spruce_boat":1,"minecraft:cooked_porkchop":8,"minecraft:crafting_table":1,"minecraft:spruce_planks":56,"minecraft:wooden_pickaxe":1,"minecraft:stone_axe":1,"minecraft:air":0,"minecraft:iron_chestplate":1,"minecraft:diamond_pickaxe":1,"minecraft:shield":2,"minecraft:stick":20,"minecraft:iron_ingot":4,"minecraft:iron_pickaxe":1,"minecraft:stone_sword":1,"minecraft:iron_leggings":1,"minecraft:torch":4},"minecraft:killed":{"minecraft:cave_spider":4,"minecraft:spider":7,"minecraft:skeleton":14,"minecraft:chicken":1,"creeperoverhaul:cave_creeper":2,"minecraft:pig":4,"minecraft:zombie_villager":1,"minecraft:zombie":20,"minecraft:stray":16,"minecraft:wither_skeleton":2},"minecraft:used":{"minecraft:iron_bars":2,"minecraft:stone_sword":30,"minecraft:shield":44,"minecraft:iron_sword":101,"minecraft:rotten_flesh":3,"minecraft:cooked_chicken":3,"minecraft:iron_chestplate":1,"minecraft:torch":85,"minecraft:granite":3,"minecraft:spruce_boat":1,"minecraft:bow":25,"minecraft:furnace":2,"tombstone:gift":4,"minecraft:stone_pressure_plate":1,"minecraft:cooked_beef":4,"minecraft:cooked_mutton":2,"minecraft:stone_pickaxe":27,"minecraft:baked_potato":2,"minecraft:wooden_pickaxe":12,"minecraft:diamond_axe":4,"minecraft:golden_apple":1,"minecraft:crafting_table":3,"tombstone:bag_of_seeds":5,"minecraft:diamond_pickaxe":117,"minecraft:chicken":1,"minecraft:iron_pickaxe":48,"minecraft:gravel":1,"minecraft:stone_axe":18,"minecraft:diamond_sword":109,"minecraft:cobblestone":124,"minecraft:potion":4,"minecraft:cooked_porkchop":8,"minecraft:andesite":1,"alexsmobs:animal_dictionary":1},"minecraft:picked_up":{"minecraft:cocoa_beans":2,"minecraft:crafting_table":3,"minecraft:chicken":1,"minecraft:leather_leggings":1,"minecraft:enchanted_book":1,"minecraft:shield":1,"minecraft:golden_sword":1,"minecraft:string":8,"minecraft:iron_pickaxe":1,"minecraft:furnace":2,"minecraft:iron_boots":1,"minecraft:tipped_arrow":1,"minecraft:raw_iron":5,"minecraft:torch":14,"minecraft:porkchop":8,"tombstone:grave_dust":3,"minecraft:stone_pressure_plate":1,"minecraft:quartz_block":4,"minecraft:arrow":33,"minecraft:rotten_flesh":20,"minecraft:beetroot_seeds":4,"minecraft:bookshelf":4,"minecraft:iron_bars":13,"minecraft:cobblestone":92,"minecraft:cooked_beef":4,"minecraft:andesite":1,"minecraft:gunpowder":2,"tombstone:gift":2,"minecraft:leather_boots":2,"minecraft:bone":33,"minecraft:stone_bricks":3,"minecraft:bow":3,"minecraft:wheat_seeds":1,"minecraft:iron_ingot":1,"tombstone:bag_of_seeds":2,"minecraft:mossy_stone_bricks":3,"minecraft:pitcher_pod":2,"minecraft:book":6,"minecraft:oak_pressure_plate":1,"minecraft:torchflower_seeds":2,"minecraft:gravel":1,"minecraft:ink_sac":3,"minecraft:spruce_log":14,"minecraft:spider_eye":3,"minecraft:bundle":1,"minecraft:spruce_boat":1,"minecraft:chainmail_leggings":1,"minecraft:granite":3,"minecraft:diamond_axe":1,"minecraft:melon_seeds":3,"minecraft:coal":92},"minecraft:custom":{"minecraft:mob_kills":78,"minecraft:interact_with_crafting_table":11,"minecraft:leave_game":1,"minecraft:time_since_death":66291,"minecraft:climb_one_cm":3116,"minecraft:sprint_one_cm":325713,"minecraft:walk_one_cm":100737,"minecraft:damage_blocked_by_shield":1225,"minecraft:drop":42,"minecraft:damage_dealt_absorbed":109,"minecraft:play_time":66291,"minecraft:sneak_time":4106,"minecraft:walk_under_water_one_cm":4572,"minecraft:boat_one_cm":115093,"minecraft:jump":783,"minecraft:walk_on_water_one_cm":7061,"minecraft:total_world_time":66291,"minecraft:interact_with_furnace":10,"minecraft:time_since_rest":66291,"minecraft:damage_taken":1420,"minecraft:damage_absorbed":40,"minecraft:damage_dealt":11690,"minecraft:fly_one_cm":116730,"minecraft:open_chest":77,"minecraft:crouch_one_cm":11564,"tombstone:undead_killed":53,"minecraft:fall_one_cm":7068},"minecraft:mined":{"minecraft:stone_pressure_plate":1,"minecraft:mossy_cobblestone":1,"minecraft:granite":3,"minecraft:nether_bricks":1,"minecraft:oak_pressure_plate":1,"minecraft:spruce_leaves":3,"minecraft:spawner":41,"minecraft:furnace":2,"minecraft:iron_ore":4,"minecraft:fire":3,"minecraft:andesite":1,"minecraft:nether_brick_stairs":1,"minecraft:bookshelf":6,"minecraft:vine":1,"minecraft:iron_bars":14,"minecraft:stone":30,"minecraft:quartz_block":18,"minecraft:crafting_table":3,"minecraft:torch":10,"minecraft:cobblestone":20,"biomesoplenty:sprout":1,"minecraft:spruce_log":14,"minecraft:coal_ore":45,"minecraft:gravel":1,"minecraft:cracked_stone_bricks":1,"minecraft:stone_bricks":5,"minecraft:netherrack":1,"minecraft:mossy_stone_bricks":3}},"DataVersion":3465}