{"stats":{"minecraft:dropped":{"minecraft:cooked_beef":4,"minecraft:glass_bottle":4,"minecraft:iron_helmet":1,"minecraft:cobblestone":91,"minecraft:ink_sac":3,"tombstone:grave_dust":3,"minecraft:potion":1,"minecraft:iron_leggings":1,"minecraft:iron_pickaxe":1,"minecraft:chainmail_leggings":2,"minecraft:string":1,"tombstone:gift":1,"minecraft:rotten_flesh":10,"minecraft:iron_boots":3,"minecraft:torchflower_seeds":3,"minecraft:pumpkin_seeds":3,"minecraft:tipped_arrow":1,"minecraft:shield":1,"minecraft:iron_chestplate":2,"minecraft:beetroot_seeds":4,"minecraft:melon_seeds":4,"minecraft:mossy_stone_bricks":1,"minecraft:leather_boots":1,"minecraft:golden_sword":1,"minecraft:leather_leggings":1,"minecraft:iron_bars":1,"minecraft:bow":3},"minecraft:crafted":{"minecraft:furnace":1,"minecraft:iron_boots":1,"minecraft:stone_pickaxe":1,"minecraft:chest":1,"minecraft:spruce_boat":1,"minecraft:cooked_porkchop":8,"minecraft:crafting_table":2,"minecraft:spruce_planks":56,"minecraft:wooden_pickaxe":1,"minecraft:stone_axe":1,"minecraft:air":0,"minecraft:white_wool":2,"minecraft:iron_chestplate":1,"minecraft:diamond_pickaxe":1,"minecraft:shield":2,"minecraft:stick":20,"minecraft:iron_ingot":4,"minecraft:iron_pickaxe":1,"minecraft:stone_sword":1,"minecraft:iron_leggings":1,"minecraft:torch":4},"minecraft:killed":{"minecraft:cave_spider":5,"minecraft:spider":16,"minecraft:skeleton":14,"minecraft:chicken":1,"creeperoverhaul:cave_creeper":2,"minecraft:pig":4,"minecraft:zombie_villager":2,"minecraft:zombie":22,"minecraft:stray":17,"minecraft:wither_skeleton":2},"minecraft:used":{"minecraft:iron_bars":2,"minecraft:stone_sword":30,"minecraft:chest":1,"minecraft:shield":45,"minecraft:iron_sword":101,"minecraft:rotten_flesh":3,"minecraft:cooked_chicken":3,"minecraft:iron_chestplate":1,"minecraft:torch":100,"minecraft:chainmail_chestplate":1,"minecraft:granite":3,"minecraft:spruce_boat":1,"minecraft:bow":25,"minecraft:furnace":2,"tombstone:gift":4,"minecraft:stone_pressure_plate":1,"minecraft:cooked_beef":6,"minecraft:cooked_mutton":2,"minecraft:stone_pickaxe":27,"minecraft:baked_potato":2,"minecraft:wooden_pickaxe":12,"minecraft:diamond_axe":7,"minecraft:golden_apple":2,"minecraft:crafting_table":4,"tombstone:bag_of_seeds":5,"minecraft:diamond_pickaxe":150,"minecraft:chicken":1,"minecraft:bread":3,"minecraft:iron_pickaxe":48,"minecraft:gravel":1,"minecraft:stone_axe":18,"minecraft:diamond_sword":154,"minecraft:cobblestone":153,"minecraft:potion":4,"minecraft:cooked_porkchop":8,"minecraft:andesite":1,"alexsmobs:animal_dictionary":1,"minecraft:cobweb":2},"minecraft:picked_up":{"minecraft:cocoa_beans":2,"minecraft:crafting_table":3,"minecraft:chicken":1,"minecraft:leather_leggings":1,"minecraft:enchanted_book":1,"minecraft:shield":1,"minecraft:golden_sword":1,"minecraft:string":19,"minecraft:iron_pickaxe":1,"minecraft:furnace":2,"minecraft:iron_boots":1,"minecraft:tipped_arrow":1,"minecraft:raw_iron":5,"minecraft:torch":17,"minecraft:porkchop":8,"tombstone:grave_dust":3,"minecraft:stone_pressure_plate":1,"minecraft:quartz_block":4,"minecraft:arrow":33,"minecraft:rotten_flesh":24,"minecraft:beetroot_seeds":4,"minecraft:bookshelf":6,"minecraft:iron_bars":13,"minecraft:cobblestone":143,"minecraft:cooked_beef":4,"minecraft:andesite":1,"minecraft:gunpowder":2,"tombstone:gift":2,"minecraft:leather_boots":2,"minecraft:bone":33,"minecraft:stone_bricks":3,"minecraft:bow":3,"minecraft:wheat_seeds":1,"minecraft:iron_ingot":1,"tombstone:bag_of_seeds":2,"minecraft:mossy_stone_bricks":3,"minecraft:pitcher_pod":2,"minecraft:book":6,"minecraft:oak_pressure_plate":1,"minecraft:torchflower_seeds":2,"minecraft:gravel":1,"minecraft:ink_sac":3,"minecraft:spruce_log":14,"minecraft:spider_eye":6,"minecraft:bundle":1,"minecraft:spruce_boat":1,"minecraft:chainmail_leggings":1,"minecraft:granite":3,"minecraft:diamond_axe":1,"minecraft:melon_seeds":3,"minecraft:coal":92},"minecraft:custom":{"minecraft:mob_kills":92,"minecraft:interact_with_crafting_table":14,"minecraft:leave_game":1,"minecraft:time_since_death":78291,"minecraft:climb_one_cm":4387,"minecraft:sprint_one_cm":416777,"minecraft:walk_one_cm":117217,"minecraft:damage_blocked_by_shield":1270,"minecraft:drop":47,"minecraft:damage_dealt_absorbed":109,"minecraft:play_time":78291,"minecraft:sneak_time":4164,"minecraft:walk_under_water_one_cm":4572,"minecraft:boat_one_cm":115093,"minecraft:jump":920,"minecraft:walk_on_water_one_cm":7061,"minecraft:total_world_time":78291,"minecraft:interact_with_furnace":10,"minecraft:time_since_rest":78291,"minecraft:damage_taken":1729,"minecraft:damage_absorbed":80,"minecraft:damage_dealt":13994,"minecraft:fly_one_cm":146691,"minecraft:open_chest":111,"minecraft:crouch_one_cm":11669,"tombstone:undead_killed":57,"minecraft:fall_one_cm":7068},"minecraft:mined":{"minecraft:stone_pressure_plate":1,"minecraft:mossy_cobblestone":1,"minecraft:granite":3,"minecraft:nether_bricks":1,"minecraft:oak_pressure_plate":1,"minecraft:spruce_leaves":3,"minecraft:spawner":53,"minecraft:furnace":2,"minecraft:iron_ore":4,"minecraft:fire":3,"minecraft:andesite":1,"minecraft:nether_brick_stairs":1,"minecraft:bookshelf":8,"minecraft:vine":17,"minecraft:iron_bars":16,"minecraft:stone":30,"minecraft:quartz_block":26,"minecraft:crafting_table":3,"minecraft:torch":13,"minecraft:cobblestone":25,"biomesoplenty:sprout":1,"minecraft:spruce_log":14,"minecraft:coal_ore":45,"minecraft:gravel":1,"minecraft:cobweb":2,"minecraft:cracked_stone_bricks":1,"minecraft:stone_bricks":5,"minecraft:netherrack":1,"minecraft:mossy_stone_bricks":3}},"DataVersion":3465}