{"stats":{"minecraft:dropped":{"minecraft:torchflower_seeds":3,"minecraft:pumpkin_seeds":3,"minecraft:ink_sac":3,"minecraft:beetroot_seeds":4,"minecraft:melon_seeds":4,"tombstone:grave_dust":1,"minecraft:iron_bars":1,"minecraft:iron_pickaxe":1},"minecraft:crafted":{"minecraft:cooked_porkchop":8,"minecraft:crafting_table":1,"minecraft:spruce_planks":56,"minecraft:wooden_pickaxe":1,"minecraft:furnace":1,"minecraft:stone_axe":1,"minecraft:air":0,"minecraft:iron_boots":1,"minecraft:iron_chestplate":1,"minecraft:diamond_pickaxe":1,"minecraft:shield":2,"minecraft:stick":20,"minecraft:iron_ingot":4,"minecraft:iron_pickaxe":1,"minecraft:stone_pickaxe":1,"minecraft:stone_sword":1,"minecraft:iron_leggings":1,"minecraft:spruce_boat":1,"minecraft:torch":4},"minecraft:killed":{"minecraft:pig":4,"minecraft:zombie_villager":1,"minecraft:skeleton":3,"minecraft:zombie":8,"minecraft:chicken":1},"minecraft:used":{"minecraft:iron_bars":2,"minecraft:stone_sword":30,"minecraft:stone_pickaxe":27,"minecraft:wooden_pickaxe":12,"minecraft:shield":18,"minecraft:iron_sword":32,"minecraft:rotten_flesh":3,"minecraft:torch":6,"minecraft:crafting_table":3,"minecraft:granite":3,"minecraft:spruce_boat":1,"tombstone:bag_of_seeds":1,"minecraft:diamond_pickaxe":8,"minecraft:chicken":1,"minecraft:iron_pickaxe":48,"minecraft:stone_axe":16,"minecraft:bow":4,"minecraft:cobblestone":18,"minecraft:furnace":2,"minecraft:cooked_porkchop":5,"minecraft:andesite":1,"tombstone:gift":2,"alexsmobs:animal_dictionary":1,"minecraft:cooked_beef":1},"minecraft:picked_up":{"minecraft:crafting_table":3,"minecraft:chicken":1,"minecraft:andesite":1,"minecraft:shield":1,"minecraft:bone":2,"minecraft:iron_ingot":1,"tombstone:bag_of_seeds":1,"minecraft:iron_pickaxe":1,"minecraft:furnace":2,"minecraft:raw_iron":4,"minecraft:torch":1,"minecraft:porkchop":8,"tombstone:grave_dust":1,"minecraft:ink_sac":3,"minecraft:spruce_log":14,"minecraft:bundle":1,"minecraft:arrow":6,"minecraft:rotten_flesh":12,"minecraft:beetroot_seeds":4,"minecraft:spruce_boat":1,"minecraft:granite":3,"minecraft:melon_seeds":3,"minecraft:iron_bars":3,"minecraft:coal":92,"minecraft:cobblestone":35},"minecraft:mined":{"minecraft:crafting_table":3,"minecraft:torch":1,"minecraft:granite":3,"minecraft:cobblestone":7,"minecraft:spruce_leaves":3,"biomesoplenty:sprout":1,"minecraft:furnace":2,"minecraft:iron_ore":4,"minecraft:spruce_log":14,"minecraft:andesite":1,"minecraft:coal_ore":45,"minecraft:iron_bars":3,"minecraft:stone":30},"minecraft:custom":{"minecraft:interact_with_furnace":10,"minecraft:mob_kills":17,"minecraft:interact_with_crafting_table":11,"minecraft:time_since_death":30291,"minecraft:leave_game":1,"minecraft:climb_one_cm":1140,"minecraft:time_since_rest":30291,"minecraft:sprint_one_cm":99655,"minecraft:damage_taken":517,"minecraft:walk_one_cm":38033,"minecraft:damage_blocked_by_shield":505,"minecraft:drop":11,"minecraft:damage_dealt":2597,"minecraft:damage_dealt_absorbed":80,"minecraft:fly_one_cm":73332,"minecraft:open_chest":5,"minecraft:crouch_one_cm":6585,"minecraft:play_time":30291,"tombstone:undead_killed":12,"minecraft:sneak_time":2716,"minecraft:walk_under_water_one_cm":4274,"minecraft:boat_one_cm":115093,"minecraft:jump":466,"minecraft:walk_on_water_one_cm":1579,"minecraft:total_world_time":30291,"minecraft:fall_one_cm":5719}},"DataVersion":3465}