{"stats":{"minecraft:picked_up":{"minecraft:birch_log":31,"minecraft:crafting_table":3,"minecraft:wheat":11,"minecraft:golden_leggings":1,"minecraft:stone_brick_stairs":1,"minecraft:oak_log":28,"minecraft:moss_carpet":1,"minecraft:dirt":32,"minecraft:red_bed":1,"minecraft:armor_stand":2,"minecraft:bone":2,"minecraft:stone_bricks":2,"minecraft:cracked_stone_bricks":1,"minecraft:wheat_seeds":40,"minecraft:cobbled_deepslate":7,"minecraft:sugar_cane":5,"minecraft:oak_planks":7,"minecraft:birch_sapling":2,"minecraft:furnace":1,"minecraft:book":12,"minecraft:golden_helmet":3,"minecraft:scaffolding":8,"minecraft:raw_iron":8,"minecraft:torch":2,"minecraft:spruce_fence":1,"minecraft:diorite":2,"minecraft:rotten_flesh":2,"minecraft:iron_block":1,"minecraft:emerald":1,"minecraft:bread":23,"minecraft:glow_berries":12,"minecraft:coal":3,"minecraft:iron_bars":2,"minecraft:cobblestone":27},"minecraft:used":{"minecraft:wheat_seeds":25,"minecraft:flint_and_steel":1,"minecraft:stone_pickaxe":32,"minecraft:wooden_pickaxe":24,"minecraft:cracked_stone_bricks":1,"minecraft:torch":17,"minecraft:glow_berries":10,"minecraft:dirt":32,"minecraft:crafting_table":8,"minecraft:red_bed":1,"minecraft:spruce_fence":1,"minecraft:bread":26,"minecraft:iron_axe":22,"minecraft:birch_sapling":2,"minecraft:stone_bricks":2,"minecraft:stone_brick_stairs":1,"minecraft:golden_leggings":1,"minecraft:golden_helmet":1,"minecraft:stone_axe":109,"minecraft:scaffolding":3,"minecraft:furnace":1,"minecraft:birch_log":7,"alexsmobs:animal_dictionary":2,"tombstone:gift":1,"minecraft:cobbled_deepslate":2},"minecraft:killed":{"minecraft:zombie":1},"minecraft:custom":{"minecraft:interact_with_furnace":8,"minecraft:mob_kills":4,"minecraft:interact_with_crafting_table":20,"minecraft:open_barrel":4,"minecraft:leave_game":2,"minecraft:time_since_death":14356,"minecraft:sleep_in_bed":2,"minecraft:climb_one_cm":2975,"minecraft:time_since_rest":12790,"minecraft:waystone_activated":2,"minecraft:sprint_one_cm":145710,"minecraft:damage_taken":2942,"minecraft:walk_one_cm":252862,"minecraft:drop":9,"minecraft:damage_dealt":856,"minecraft:swim_one_cm":4204,"minecraft:fly_one_cm":72489,"minecraft:open_chest":15,"minecraft:crouch_one_cm":8701,"minecraft:play_time":71718,"tombstone:undead_killed":1,"minecraft:deaths":3,"minecraft:sneak_time":2889,"minecraft:walk_under_water_one_cm":10139,"minecraft:jump":649,"minecraft:walk_on_water_one_cm":14365,"minecraft:interact_with_smoker":1,"minecraft:total_world_time":71718,"minecraft:fall_one_cm":19405},"minecraft:crafted":{"minecraft:oak_planks":32,"minecraft:crafting_table":5,"minecraft:wooden_pickaxe":1,"minecraft:iron_helmet":1,"minecraft:furnace":1,"minecraft:birch_planks":32,"minecraft:stone_axe":2,"minecraft:bread":3,"minecraft:air":0,"minecraft:flint_and_steel":1,"minecraft:iron_boots":1,"minecraft:shield":2,"minecraft:iron_axe":1,"minecraft:stick":20,"minecraft:iron_ingot":11,"minecraft:stone_pickaxe":1,"minecraft:torch":40},"minecraft:broken":{"minecraft:stone_axe":1},"minecraft:dropped":{"minecraft:stone_axe":1,"minecraft:golden_helmet":3,"minecraft:spruce_fence":1,"minecraft:golden_leggings":1,"minecraft:chainmail_boots":1,"tombstone:grave_dust":1,"minecraft:iron_bars":2},"minecraft:mined":{"minecraft:smithing_table":1,"minecraft:scaffolding":8,"minecraft:red_bed":1,"minecraft:crafting_table":3,"minecraft:cave_vines_plant":11,"minecraft:grass_block":5,"minecraft:sugar_cane":2,"minecraft:oak_planks":7,"minecraft:diorite":2,"minecraft:wall_torch":2,"minecraft:birch_sapling":1,"minecraft:furnace":1,"minecraft:birch_log":31,"minecraft:fire":2,"minecraft:wheat":17,"minecraft:birch_leaves":1,"minecraft:stone_brick_stairs":1,"minecraft:grass":1,"minecraft:bookshelf":4,"minecraft:cave_vines":25,"minecraft:oak_log":29,"minecraft:dirt":20,"minecraft:cracked_stone_bricks":1,"minecraft:stone":27,"minecraft:stone_bricks":3,"minecraft:iron_block":1,"minecraft:deepslate":7}},"DataVersion":3465}