{"stats":{"minecraft:custom":{"minecraft:time_since_rest":567,"minecraft:open_chest":2,"minecraft:crouch_one_cm":138,"minecraft:walk_one_cm":42232,"minecraft:sprint_one_cm":38452,"minecraft:play_time":13101,"minecraft:damage_taken":570,"minecraft:deaths":1,"minecraft:sneak_time":74,"minecraft:jump":124,"minecraft:leave_game":1,"minecraft:time_since_death":3239,"minecraft:sleep_in_bed":1,"minecraft:climb_one_cm":475,"minecraft:total_world_time":13101,"minecraft:fall_one_cm":4940,"minecraft:fly_one_cm":19593},"minecraft:crafted":{"minecraft:oak_planks":12,"minecraft:crafting_table":1,"minecraft:stick":4},"minecraft:used":{"minecraft:wheat_seeds":25,"minecraft:dirt":4,"alexsmobs:animal_dictionary":2},"minecraft:mined":{"minecraft:grass":1,"minecraft:oak_log":3,"minecraft:birch_log":2,"minecraft:wheat":17},"minecraft:picked_up":{"minecraft:birch_log":2,"minecraft:wheat":10,"minecraft:wheat_seeds":40,"minecraft:oak_log":3,"minecraft:dirt":7}},"DataVersion":3465}