{"stats":{"minecraft:dropped":{"minecraft:stone_axe":1,"minecraft:golden_helmet":1,"minecraft:golden_leggings":1},"minecraft:custom":{"minecraft:time_since_rest":29867,"minecraft:waystone_activated":2,"minecraft:interact_with_furnace":4,"minecraft:sprint_one_cm":111900,"minecraft:damage_taken":1048,"minecraft:walk_one_cm":138404,"minecraft:drop":3,"minecraft:damage_dealt":5,"minecraft:swim_one_cm":4204,"minecraft:interact_with_crafting_table":10,"minecraft:fly_one_cm":49749,"minecraft:open_barrel":4,"minecraft:open_chest":9,"minecraft:crouch_one_cm":4637,"minecraft:play_time":42401,"minecraft:deaths":1,"minecraft:sneak_time":1611,"minecraft:walk_under_water_one_cm":2793,"minecraft:jump":456,"minecraft:walk_on_water_one_cm":5717,"minecraft:leave_game":1,"minecraft:time_since_death":32539,"minecraft:sleep_in_bed":1,"minecraft:interact_with_smoker":1,"minecraft:climb_one_cm":2442,"minecraft:total_world_time":42401,"minecraft:fall_one_cm":12307},"minecraft:crafted":{"minecraft:oak_planks":28,"minecraft:crafting_table":2,"minecraft:stick":8,"minecraft:iron_ingot":9,"minecraft:wooden_pickaxe":1,"minecraft:stone_pickaxe":1,"minecraft:furnace":1,"minecraft:birch_planks":8,"minecraft:stone_axe":2,"minecraft:bread":3},"minecraft:used":{"minecraft:wheat_seeds":25,"minecraft:bread":8,"minecraft:stone_pickaxe":20,"minecraft:birch_sapling":2,"minecraft:wooden_pickaxe":24,"minecraft:stone_brick_stairs":1,"minecraft:golden_leggings":1,"minecraft:golden_helmet":1,"minecraft:stone_axe":70,"minecraft:dirt":12,"minecraft:scaffolding":3,"minecraft:crafting_table":5,"minecraft:furnace":1,"alexsmobs:animal_dictionary":2},"minecraft:mined":{"minecraft:birch_sapling":1,"minecraft:scaffolding":8,"minecraft:birch_log":30,"minecraft:wheat":17,"minecraft:birch_leaves":1,"minecraft:stone_brick_stairs":1,"minecraft:crafting_table":3,"minecraft:grass":1,"minecraft:bookshelf":4,"minecraft:grass_block":5,"minecraft:oak_log":29,"minecraft:dirt":17,"minecraft:sugar_cane":2,"minecraft:iron_block":1,"minecraft:stone":27,"minecraft:diorite":2,"minecraft:smithing_table":1},"minecraft:picked_up":{"minecraft:birch_log":30,"minecraft:scaffolding":8,"minecraft:crafting_table":3,"minecraft:wheat":11,"minecraft:golden_leggings":1,"minecraft:stone_brick_stairs":1,"minecraft:oak_log":28,"minecraft:diorite":2,"minecraft:dirt":29,"minecraft:armor_stand":2,"minecraft:wheat_seeds":40,"minecraft:iron_block":1,"minecraft:bread":23,"minecraft:sugar_cane":5,"minecraft:birch_sapling":2,"minecraft:book":12,"minecraft:cobblestone":27,"minecraft:golden_helmet":1}},"DataVersion":3465}