{"stats":{"minecraft:picked_up":{"minecraft:birch_log":31,"minecraft:crafting_table":3,"minecraft:wheat":11,"minecraft:golden_leggings":1,"minecraft:stone_brick_stairs":1,"minecraft:oak_log":28,"minecraft:dirt":32,"minecraft:red_bed":1,"minecraft:armor_stand":2,"minecraft:bone":2,"minecraft:stone_bricks":1,"minecraft:wheat_seeds":40,"minecraft:sugar_cane":5,"minecraft:birch_sapling":2,"minecraft:oak_planks":7,"minecraft:furnace":1,"minecraft:book":12,"minecraft:golden_helmet":1,"minecraft:scaffolding":8,"minecraft:torch":2,"minecraft:diorite":2,"minecraft:rotten_flesh":2,"minecraft:iron_block":1,"minecraft:emerald":1,"minecraft:bread":23,"minecraft:iron_bars":2,"minecraft:coal":3,"minecraft:cobblestone":27},"minecraft:used":{"minecraft:wheat_seeds":25,"minecraft:stone_pickaxe":25,"minecraft:wooden_pickaxe":24,"minecraft:torch":7,"minecraft:dirt":29,"minecraft:crafting_table":6,"minecraft:red_bed":1,"minecraft:bread":21,"minecraft:iron_axe":21,"minecraft:birch_sapling":2,"minecraft:stone_brick_stairs":1,"minecraft:golden_leggings":1,"minecraft:golden_helmet":1,"minecraft:stone_axe":109,"minecraft:scaffolding":3,"minecraft:furnace":1,"tombstone:gift":1,"alexsmobs:animal_dictionary":2},"minecraft:killed":{"minecraft:zombie":1},"minecraft:custom":{"minecraft:interact_with_furnace":5,"minecraft:mob_kills":4,"minecraft:interact_with_crafting_table":14,"minecraft:open_barrel":4,"minecraft:leave_game":2,"minecraft:time_since_death":3317,"minecraft:sleep_in_bed":2,"minecraft:climb_one_cm":2947,"minecraft:time_since_rest":1751,"minecraft:waystone_activated":2,"minecraft:sprint_one_cm":128064,"minecraft:damage_taken":2562,"minecraft:walk_one_cm":228825,"minecraft:drop":4,"minecraft:damage_dealt":838,"minecraft:swim_one_cm":4204,"minecraft:fly_one_cm":57408,"minecraft:open_chest":15,"minecraft:crouch_one_cm":8575,"minecraft:play_time":60679,"tombstone:undead_killed":1,"minecraft:deaths":3,"minecraft:sneak_time":2720,"minecraft:walk_under_water_one_cm":3498,"minecraft:jump":539,"minecraft:walk_on_water_one_cm":6730,"minecraft:interact_with_smoker":1,"minecraft:total_world_time":60679,"minecraft:fall_one_cm":14916},"minecraft:crafted":{"minecraft:oak_planks":28,"minecraft:crafting_table":3,"minecraft:wooden_pickaxe":1,"minecraft:furnace":1,"minecraft:birch_planks":8,"minecraft:stone_axe":2,"minecraft:bread":3,"minecraft:iron_axe":1,"minecraft:stick":20,"minecraft:iron_ingot":9,"minecraft:stone_pickaxe":1,"minecraft:torch":40},"minecraft:broken":{"minecraft:stone_axe":1},"minecraft:dropped":{"minecraft:stone_axe":1,"minecraft:golden_helmet":1,"minecraft:golden_leggings":1,"tombstone:grave_dust":1},"minecraft:mined":{"minecraft:smithing_table":1,"minecraft:scaffolding":8,"minecraft:red_bed":1,"minecraft:crafting_table":3,"minecraft:grass_block":5,"minecraft:sugar_cane":2,"minecraft:oak_planks":7,"minecraft:diorite":2,"minecraft:wall_torch":2,"minecraft:birch_sapling":1,"minecraft:furnace":1,"minecraft:birch_log":31,"minecraft:wheat":17,"minecraft:birch_leaves":1,"minecraft:stone_brick_stairs":1,"minecraft:grass":1,"minecraft:bookshelf":4,"minecraft:oak_log":29,"minecraft:dirt":20,"minecraft:cracked_stone_bricks":1,"minecraft:stone_bricks":3,"minecraft:stone":27,"minecraft:iron_block":1}},"DataVersion":3465}