{"stats":{"minecraft:dropped":{"minecraft:moss_carpet":2,"minecraft:stone_axe":1,"minecraft:golden_helmet":4,"minecraft:spruce_fence":1,"minecraft:golden_leggings":1,"minecraft:chainmail_boots":1,"tombstone:grave_dust":1,"minecraft:iron_bars":2,"waystones:waystone":1},"minecraft:custom":{"minecraft:interact_with_furnace":8,"minecraft:mob_kills":5,"minecraft:interact_with_crafting_table":24,"minecraft:open_barrel":4,"minecraft:leave_game":3,"minecraft:time_since_death":7428,"minecraft:sleep_in_bed":2,"minecraft:climb_one_cm":2975,"minecraft:time_since_rest":6869,"minecraft:waystone_activated":2,"minecraft:sprint_one_cm":190244,"minecraft:damage_taken":4109,"minecraft:walk_one_cm":302050,"minecraft:damage_blocked_by_shield":510,"minecraft:drop":13,"minecraft:damage_dealt":939,"minecraft:swim_one_cm":4204,"minecraft:fly_one_cm":114619,"minecraft:open_chest":15,"minecraft:crouch_one_cm":9462,"minecraft:play_time":92946,"tombstone:undead_killed":1,"minecraft:deaths":5,"minecraft:sneak_time":3259,"minecraft:walk_under_water_one_cm":11168,"minecraft:jump":951,"minecraft:walk_on_water_one_cm":25090,"minecraft:total_world_time":92946,"minecraft:interact_with_smoker":1,"minecraft:fall_one_cm":29689},"minecraft:crafted":{"minecraft:oak_planks":32,"minecraft:crafting_table":6,"minecraft:wooden_pickaxe":1,"minecraft:iron_helmet":1,"minecraft:furnace":1,"minecraft:bucket":1,"minecraft:birch_planks":32,"minecraft:stone_axe":2,"minecraft:bread":3,"minecraft:air":0,"minecraft:flint_and_steel":1,"minecraft:iron_boots":1,"minecraft:shield":2,"minecraft:iron_axe":1,"minecraft:stick":20,"minecraft:iron_ingot":11,"minecraft:stone_pickaxe":1,"minecraft:torch":40},"minecraft:used":{"minecraft:wheat_seeds":25,"minecraft:water_bucket":7,"minecraft:flint_and_steel":1,"minecraft:birch_planks":9,"minecraft:stone_pickaxe":55,"minecraft:wooden_pickaxe":24,"minecraft:shield":7,"minecraft:cracked_stone_bricks":1,"minecraft:torch":20,"minecraft:glow_berries":14,"minecraft:dirt":32,"minecraft:crafting_table":9,"minecraft:red_bed":1,"minecraft:spruce_fence":1,"minecraft:lava_bucket":2,"minecraft:iron_axe":79,"minecraft:bread":31,"minecraft:birch_sapling":2,"minecraft:stone_brick_stairs":1,"minecraft:golden_leggings":1,"minecraft:stone_bricks":2,"minecraft:golden_helmet":1,"minecraft:stone_axe":109,"minecraft:scaffolding":3,"minecraft:furnace":1,"minecraft:cooked_rabbit":3,"minecraft:bucket":10,"minecraft:birch_log":7,"tombstone:gift":1,"alexsmobs:animal_dictionary":2,"minecraft:cobbled_deepslate":3},"minecraft:broken":{"minecraft:stone_axe":1},"minecraft:mined":{"minecraft:smithing_table":1,"minecraft:scaffolding":8,"minecraft:red_bed":1,"minecraft:crafting_table":4,"minecraft:cave_vines_plant":11,"minecraft:grass_block":5,"minecraft:sugar_cane":2,"minecraft:oak_planks":7,"minecraft:diorite":2,"minecraft:wall_torch":3,"minecraft:birch_sapling":1,"minecraft:furnace":1,"minecraft:birch_log":38,"minecraft:wheat":17,"minecraft:cobbled_deepslate":2,"minecraft:fire":2,"minecraft:birch_leaves":1,"minecraft:stone_brick_stairs":1,"minecraft:grass":4,"minecraft:bookshelf":4,"minecraft:oak_log":64,"minecraft:cave_vines":25,"minecraft:deepslate_iron_ore":10,"minecraft:dirt":20,"minecraft:cracked_stone_bricks":1,"minecraft:stone_bricks":4,"minecraft:stone":27,"minecraft:iron_block":1,"minecraft:oak_leaves":4,"minecraft:deepslate":16},"minecraft:killed":{"minecraft:zombie":1},"minecraft:picked_up":{"minecraft:birch_log":37,"minecraft:crafting_table":3,"minecraft:wheat":11,"minecraft:feather":3,"minecraft:golden_leggings":1,"minecraft:birch_planks":13,"minecraft:stone_brick_stairs":1,"minecraft:oak_log":59,"minecraft:moss_carpet":2,"minecraft:dirt":32,"minecraft:red_bed":1,"minecraft:armor_stand":2,"minecraft:bone":2,"minecraft:stone_bricks":2,"minecraft:cracked_stone_bricks":1,"minecraft:wheat_seeds":43,"minecraft:cobbled_deepslate":14,"minecraft:sugar_cane":5,"minecraft:birch_sapling":2,"minecraft:oak_planks":12,"minecraft:furnace":1,"minecraft:book":12,"minecraft:golden_helmet":3,"minecraft:scaffolding":8,"minecraft:raw_iron":18,"minecraft:torch":3,"minecraft:spruce_fence":1,"minecraft:diorite":2,"minecraft:rotten_flesh":2,"waystones:waystone":1,"minecraft:iron_block":1,"minecraft:emerald":1,"minecraft:bread":28,"minecraft:glow_berries":12,"minecraft:iron_bars":2,"minecraft:coal":3,"minecraft:cobblestone":27}},"DataVersion":3465}