{"stats":{"minecraft:dropped":{"minecraft:stone_axe":1},"minecraft:custom":{"minecraft:time_since_rest":17867,"minecraft:waystone_activated":2,"minecraft:interact_with_furnace":3,"minecraft:sprint_one_cm":81477,"minecraft:damage_taken":790,"minecraft:walk_one_cm":93978,"minecraft:drop":1,"minecraft:damage_dealt":5,"minecraft:interact_with_crafting_table":10,"minecraft:fly_one_cm":36443,"minecraft:open_chest":3,"minecraft:crouch_one_cm":1009,"minecraft:play_time":30401,"minecraft:deaths":1,"minecraft:sneak_time":546,"minecraft:jump":316,"minecraft:leave_game":1,"minecraft:time_since_death":20539,"minecraft:sleep_in_bed":1,"minecraft:climb_one_cm":1267,"minecraft:total_world_time":30401,"minecraft:fall_one_cm":8957},"minecraft:crafted":{"minecraft:oak_planks":28,"minecraft:crafting_table":2,"minecraft:stick":8,"minecraft:wooden_pickaxe":1,"minecraft:stone_pickaxe":1,"minecraft:furnace":1,"minecraft:birch_planks":8,"minecraft:stone_axe":2,"minecraft:bread":3},"minecraft:used":{"minecraft:wheat_seeds":25,"minecraft:bread":3,"minecraft:stone_pickaxe":18,"minecraft:birch_sapling":2,"minecraft:wooden_pickaxe":24,"minecraft:stone_brick_stairs":1,"minecraft:stone_axe":36,"minecraft:dirt":12,"minecraft:crafting_table":5,"minecraft:furnace":1,"alexsmobs:animal_dictionary":2},"minecraft:mined":{"minecraft:birch_sapling":1,"minecraft:birch_log":30,"minecraft:wheat":17,"minecraft:birch_leaves":1,"minecraft:stone_brick_stairs":1,"minecraft:crafting_table":3,"minecraft:grass":1,"minecraft:grass_block":5,"minecraft:oak_log":8,"minecraft:dirt":17,"minecraft:stone":27,"minecraft:diorite":2},"minecraft:picked_up":{"minecraft:birch_log":30,"minecraft:crafting_table":3,"minecraft:wheat":11,"minecraft:stone_brick_stairs":1,"minecraft:oak_log":7,"minecraft:diorite":2,"minecraft:dirt":29,"minecraft:wheat_seeds":40,"minecraft:birch_sapling":2,"minecraft:cobblestone":27}},"DataVersion":3465}