{"stats":{"minecraft:dropped":{"minecraft:stone_axe":1},"minecraft:custom":{"minecraft:time_since_rest":12567,"minecraft:waystone_activated":2,"minecraft:interact_with_furnace":3,"minecraft:sprint_one_cm":59923,"minecraft:damage_taken":590,"minecraft:walk_one_cm":76728,"minecraft:drop":1,"minecraft:interact_with_crafting_table":10,"minecraft:fly_one_cm":26321,"minecraft:open_chest":2,"minecraft:crouch_one_cm":715,"minecraft:play_time":25101,"minecraft:deaths":1,"minecraft:sneak_time":430,"minecraft:jump":232,"minecraft:leave_game":1,"minecraft:time_since_death":15239,"minecraft:sleep_in_bed":1,"minecraft:total_world_time":25101,"minecraft:climb_one_cm":927,"minecraft:fall_one_cm":6792},"minecraft:crafted":{"minecraft:oak_planks":28,"minecraft:crafting_table":2,"minecraft:stick":8,"minecraft:wooden_pickaxe":1,"minecraft:stone_pickaxe":1,"minecraft:furnace":1,"minecraft:birch_planks":8,"minecraft:stone_axe":2,"minecraft:bread":3},"minecraft:used":{"minecraft:wheat_seeds":25,"minecraft:bread":2,"minecraft:stone_pickaxe":15,"minecraft:birch_sapling":2,"minecraft:wooden_pickaxe":24,"minecraft:stone_axe":36,"minecraft:dirt":4,"minecraft:crafting_table":5,"minecraft:furnace":1,"alexsmobs:animal_dictionary":2},"minecraft:mined":{"minecraft:birch_sapling":1,"minecraft:birch_log":30,"minecraft:wheat":17,"minecraft:crafting_table":3,"minecraft:grass":1,"minecraft:grass_block":5,"minecraft:oak_log":8,"minecraft:dirt":11,"minecraft:stone":27,"minecraft:diorite":2},"minecraft:picked_up":{"minecraft:birch_log":30,"minecraft:crafting_table":3,"minecraft:wheat":11,"minecraft:oak_log":7,"minecraft:diorite":2,"minecraft:dirt":23,"minecraft:wheat_seeds":40,"minecraft:birch_sapling":2,"minecraft:cobblestone":27}},"DataVersion":3465}