{"stats":{"minecraft:killed":{"minecraft:witch":1,"minecraft:creeper":1,"minecraft:skeleton":1,"minecraft:zombie":4,"minecraft:cow":7},"minecraft:mined":{"minecraft:podzol":6,"minecraft:flowering_azalea":1,"minecraft:mossy_cobblestone":6,"minecraft:crafting_table":1,"minecraft:cave_vines_plant":2,"minecraft:spruce_leaves":4,"minecraft:spawner":1,"minecraft:iron_ore":10,"minecraft:sweet_berry_bush":8,"minecraft:spruce_log":4,"minecraft:grass":1,"minecraft:coal_ore":16,"minecraft:oak_log":6,"minecraft:gravel":1,"minecraft:stone":26,"minecraft:fern":2},"minecraft:used":{"minecraft:stone_sword":45,"minecraft:stone_pickaxe":50,"minecraft:spruce_planks":1,"minecraft:wooden_pickaxe":10,"minecraft:rotten_flesh":6,"minecraft:glow_berries":4,"minecraft:mossy_cobblestone":3,"minecraft:dirt":5,"minecraft:crafting_table":1,"minecraft:carrot":3,"minecraft:flowering_azalea":1,"minecraft:bread":1,"minecraft:stone_axe":14,"minecraft:cobblestone":14,"minecraft:sweet_berries":20,"alexsmobs:animal_dictionary":2},"minecraft:dropped":{"minecraft:gravel":1,"alexsmobs:animal_dictionary":1,"minecraft:mossy_cobblestone":2,"minecraft:cobblestone":1,"minecraft:dirt":1,"minecraft:spruce_planks":5,"minecraft:arrow":2,"minecraft:wooden_pickaxe":1,"minecraft:bone":1},"minecraft:custom":{"minecraft:mob_kills":15,"tombstone:raider_killed":1,"minecraft:interact_with_crafting_table":3,"minecraft:leave_game":2,"minecraft:time_since_death":3436,"minecraft:time_since_rest":1037,"minecraft:sprint_one_cm":115755,"minecraft:damage_taken":710,"minecraft:walk_one_cm":43162,"minecraft:drop":12,"minecraft:damage_dealt":2263,"minecraft:fly_one_cm":141167,"minecraft:open_chest":2,"minecraft:crouch_one_cm":2688,"minecraft:play_time":20600,"tombstone:undead_killed":5,"minecraft:deaths":1,"minecraft:sneak_time":1172,"minecraft:walk_under_water_one_cm":205,"minecraft:jump":720,"minecraft:walk_on_water_one_cm":8535,"minecraft:total_world_time":20600,"minecraft:fall_one_cm":18632},"minecraft:picked_up":{"minecraft:crafting_table":1,"minecraft:leather":6,"minecraft:oak_log":6,"minecraft:gunpowder":2,"minecraft:dirt":6,"minecraft:flint_and_steel":1,"minecraft:bone":3,"minecraft:spruce_planks":1,"minecraft:beef":17,"minecraft:glass_bottle":2,"minecraft:flowering_azalea":1,"minecraft:raw_iron":9,"minecraft:sweet_berries":16,"minecraft:gravel":1,"minecraft:carrot":1,"minecraft:spruce_log":4,"minecraft:mossy_cobblestone":5,"minecraft:arrow":4,"minecraft:rotten_flesh":6,"minecraft:oak_sapling":1,"minecraft:glow_berries":3,"minecraft:coal":16,"minecraft:cobblestone":25},"minecraft:crafted":{"minecraft:oak_planks":20,"minecraft:crafting_table":1,"minecraft:spruce_planks":16,"minecraft:wooden_pickaxe":1,"minecraft:stone_axe":1,"minecraft:stick":8,"minecraft:stone_pickaxe":1,"minecraft:stone_sword":1}},"DataVersion":3465}