{"stats":{"minecraft:dropped":{"alexsmobs:animal_dictionary":1,"minecraft:feather":1,"minecraft:wooden_pickaxe":1},"minecraft:crafted":{"minecraft:cooked_porkchop":3,"minecraft:shield":1,"minecraft:crafting_table":1,"minecraft:spruce_slab":6,"minecraft:spruce_planks":32,"minecraft:stick":12,"minecraft:iron_pickaxe":1,"minecraft:cooked_chicken":1,"minecraft:iron_ingot":4,"minecraft:wooden_pickaxe":1,"minecraft:stone_pickaxe":1,"minecraft:stone_sword":1,"minecraft:furnace":1,"minecraft:stone_axe":1,"minecraft:air":0},"minecraft:killed":{"minecraft:pig":1,"minecraft:chicken":1},"minecraft:used":{"minecraft:iron_pickaxe":1,"minecraft:stone_pickaxe":47,"minecraft:wooden_pickaxe":11,"minecraft:netherrack":1,"minecraft:stone_axe":10,"minecraft:dirt":1,"minecraft:cobblestone":11,"minecraft:crafting_table":3,"minecraft:furnace":1,"minecraft:cooked_porkchop":3,"minecraft:spruce_log":3},"minecraft:picked_up":{"minecraft:crafting_table":2,"minecraft:feather":1,"minecraft:chicken":1,"minecraft:porkchop":3,"minecraft:spruce_log":11,"minecraft:dirt":1,"minecraft:netherrack":1,"minecraft:coal":27,"minecraft:cobblestone":43,"minecraft:furnace":1},"minecraft:mined":{"minecraft:furnace":1,"minecraft:fire":7,"minecraft:spruce_log":11,"minecraft:crafting_table":2,"minecraft:coal_ore":14,"minecraft:cobblestone":2,"minecraft:spruce_leaves":11,"minecraft:stone":41,"minecraft:netherrack":1},"minecraft:custom":{"minecraft:time_since_rest":11454,"minecraft:interact_with_furnace":14,"minecraft:sprint_one_cm":14318,"minecraft:damage_taken":50,"minecraft:walk_one_cm":30761,"minecraft:mob_kills":2,"minecraft:drop":3,"minecraft:damage_dealt":140,"minecraft:interact_with_crafting_table":9,"minecraft:fly_one_cm":24267,"minecraft:crouch_one_cm":6378,"minecraft:play_time":11454,"minecraft:sneak_time":2331,"minecraft:walk_under_water_one_cm":1695,"minecraft:jump":233,"minecraft:time_since_death":11454,"minecraft:walk_on_water_one_cm":316,"minecraft:total_world_time":11454,"minecraft:fall_one_cm":8633}},"DataVersion":3465}