{"stats":{"minecraft:dropped":{"alexsmobs:animal_dictionary":1,"minecraft:feather":1,"minecraft:rotten_flesh":1,"minecraft:spider_eye":1,"minecraft:spruce_slab":6,"minecraft:wooden_pickaxe":1,"minecraft:bone":1},"minecraft:killed":{"minecraft:skeleton":1,"minecraft:zombie":2,"minecraft:pig":1,"minecraft:chicken":1},"minecraft:crafted":{"biomesoplenty:fir_planks":88,"minecraft:cooked_porkchop":3,"minecraft:shield":1,"minecraft:crafting_table":1,"minecraft:spruce_slab":6,"minecraft:spruce_planks":32,"minecraft:stick":12,"minecraft:iron_pickaxe":1,"minecraft:cooked_chicken":1,"minecraft:iron_ingot":9,"minecraft:wooden_pickaxe":1,"minecraft:stone_pickaxe":1,"minecraft:stone_sword":1,"minecraft:furnace":1,"minecraft:stone_axe":1,"minecraft:air":0},"minecraft:used":{"minecraft:stone_sword":14,"minecraft:iron_pickaxe":1,"minecraft:stone_pickaxe":47,"minecraft:shield":15,"minecraft:wooden_pickaxe":11,"minecraft:cooked_chicken":1,"minecraft:netherrack":1,"minecraft:stone_axe":32,"minecraft:dirt":6,"minecraft:cobblestone":24,"minecraft:sweet_berries":9,"minecraft:crafting_table":3,"minecraft:furnace":1,"minecraft:cooked_porkchop":3,"minecraft:spruce_log":3},"minecraft:picked_up":{"minecraft:crafting_table":3,"minecraft:feather":1,"minecraft:chicken":1,"minecraft:sweet_berries":8,"biomesoplenty:fir_log":22,"minecraft:porkchop":3,"minecraft:spruce_log":11,"minecraft:spider_eye":1,"minecraft:dirt":6,"minecraft:bone":1,"minecraft:rotten_flesh":1,"minecraft:iron_pickaxe":1,"minecraft:netherrack":1,"minecraft:coal":27,"minecraft:cobblestone":43,"minecraft:furnace":1},"minecraft:mined":{"minecraft:furnace":1,"minecraft:fire":7,"minecraft:spruce_log":11,"biomesoplenty:fir_log":21,"minecraft:crafting_table":3,"minecraft:coal_ore":14,"minecraft:cobblestone":2,"minecraft:spruce_leaves":11,"minecraft:stone":41,"minecraft:netherrack":1},"minecraft:custom":{"minecraft:time_since_rest":7379,"minecraft:interact_with_furnace":15,"minecraft:sprint_one_cm":57110,"minecraft:damage_taken":695,"minecraft:walk_one_cm":87185,"minecraft:damage_blocked_by_shield":575,"minecraft:mob_kills":5,"minecraft:drop":12,"minecraft:damage_dealt":664,"minecraft:interact_with_crafting_table":9,"minecraft:fly_one_cm":138429,"minecraft:crouch_one_cm":6796,"minecraft:deaths":1,"minecraft:play_time":23454,"tombstone:undead_killed":3,"minecraft:sneak_time":2543,"minecraft:walk_under_water_one_cm":1695,"minecraft:jump":675,"minecraft:time_since_death":7623,"minecraft:walk_on_water_one_cm":316,"minecraft:total_world_time":23454,"minecraft:fall_one_cm":18375}},"DataVersion":3465}