{"stats":{"minecraft:dropped":{"minecraft:wheat_seeds":1,"minecraft:stone_sword":1,"alexsmobs:animal_dictionary":1,"minecraft:feather":1,"minecraft:rotten_flesh":2,"minecraft:spider_eye":1,"minecraft:spruce_slab":6,"minecraft:stone_pickaxe":1,"minecraft:wooden_pickaxe":1,"alexsmobs:banana":3,"minecraft:string":1,"minecraft:bone":1},"minecraft:crafted":{"minecraft:cooked_porkchop":3,"minecraft:crafting_table":1,"minecraft:spruce_planks":32,"minecraft:wooden_pickaxe":1,"minecraft:cooked_chicken":1,"alexsmobs:cooked_moose_ribs":3,"minecraft:furnace":1,"minecraft:stone_axe":1,"minecraft:air":0,"biomesoplenty:fir_planks":216,"minecraft:shield":1,"minecraft:stick":12,"minecraft:spruce_slab":6,"minecraft:iron_ingot":9,"minecraft:iron_pickaxe":1,"minecraft:stone_pickaxe":1,"minecraft:stone_sword":1},"minecraft:killed":{"minecraft:pig":1,"minecraft:skeleton":1,"minecraft:zombie":4,"minecraft:chicken":1,"alexsmobs:moose":2},"minecraft:used":{"minecraft:stone_sword":58,"minecraft:stone_pickaxe":47,"minecraft:wooden_pickaxe":11,"minecraft:spruce_planks":16,"minecraft:shield":18,"biomesoplenty:fir_planks":56,"minecraft:rotten_flesh":7,"minecraft:cooked_chicken":1,"minecraft:netherrack":1,"minecraft:dirt":6,"minecraft:crafting_table":3,"alexsmobs:moose_ribs":2,"minecraft:spider_eye":1,"minecraft:spruce_log":3,"minecraft:iron_pickaxe":5,"minecraft:stone_axe":119,"alexsmobs:cooked_moose_ribs":3,"minecraft:cobblestone":30,"minecraft:sweet_berries":9,"minecraft:furnace":2,"minecraft:cooked_porkchop":3,"alexsmobs:banana":3,"biomesoplenty:fir_log":7},"minecraft:picked_up":{"minecraft:crafting_table":3,"minecraft:feather":1,"minecraft:chicken":1,"biomesoplenty:fir_log":79,"minecraft:string":1,"minecraft:dirt":6,"minecraft:bone":1,"minecraft:wheat_seeds":1,"biomesoplenty:fir_planks":11,"minecraft:spruce_planks":6,"minecraft:iron_pickaxe":1,"minecraft:spruce_slab":2,"minecraft:furnace":2,"minecraft:stick":2,"minecraft:sweet_berries":8,"minecraft:porkchop":3,"minecraft:spruce_log":11,"minecraft:spider_eye":2,"minecraft:stone_sword":1,"minecraft:rotten_flesh":9,"alexsmobs:moose_ribs":3,"minecraft:netherrack":1,"minecraft:coal":27,"minecraft:cobblestone":46},"minecraft:mined":{"minecraft:spruce_planks":6,"minecraft:crafting_table":3,"biomesoplenty:fir_planks":12,"minecraft:cobblestone":5,"minecraft:spruce_leaves":11,"minecraft:furnace":2,"minecraft:fire":7,"minecraft:spruce_log":11,"biomesoplenty:fir_log":80,"minecraft:grass":4,"minecraft:coal_ore":14,"biomesoplenty:fir_leaves":9,"minecraft:stone":41,"minecraft:netherrack":1,"minecraft:fern":4},"minecraft:custom":{"minecraft:interact_with_furnace":22,"minecraft:mob_kills":11,"minecraft:interact_with_crafting_table":11,"minecraft:time_since_death":31623,"minecraft:time_since_rest":31379,"minecraft:sprint_one_cm":73983,"minecraft:damage_taken":1065,"minecraft:walk_one_cm":132538,"minecraft:damage_blocked_by_shield":719,"minecraft:drop":20,"minecraft:damage_dealt":2259,"minecraft:fly_one_cm":168445,"minecraft:crouch_one_cm":32147,"minecraft:play_time":47454,"tombstone:undead_killed":5,"minecraft:deaths":1,"minecraft:sneak_time":10249,"minecraft:walk_under_water_one_cm":1695,"minecraft:jump":980,"minecraft:walk_on_water_one_cm":316,"minecraft:total_world_time":47454,"minecraft:fall_one_cm":24769}},"DataVersion":3465}