{"stats":{"minecraft:killed":{"minecraft:skeleton":3,"minecraft:chicken":1,"minecraft:husk":10,"minecraft:pig":1,"minecraft:sheep":2,"minecraft:zombie":6,"alexsmobs:moose":2,"alexsmobs:fly":1},"minecraft:mined":{"minecraft:spruce_planks":6,"minecraft:spruce_leaves":11,"minecraft:furnace":3,"minecraft:fire":69,"minecraft:stone":41,"minecraft:stripped_mangrove_wood":5,"minecraft:crafting_table":3,"minecraft:blast_furnace":1,"minecraft:calcite":3,"biomesoplenty:fir_planks":17,"minecraft:cobblestone":5,"biomesoplenty:sprout":2,"minecraft:sweet_berry_bush":6,"minecraft:spruce_log":11,"biomesoplenty:fir_log":84,"minecraft:grass":5,"minecraft:coal_ore":22,"biomesoplenty:fir_leaves":12,"minecraft:gray_carpet":1,"minecraft:netherrack":1,"minecraft:fern":5},"minecraft:used":{"minecraft:stone_sword":145,"minecraft:spruce_slab":1,"minecraft:ladder":1,"minecraft:spruce_planks":16,"minecraft:shield":24,"minecraft:cooked_chicken":1,"minecraft:rotten_flesh":8,"minecraft:netherrack":1,"minecraft:dirt":6,"alexsmobs:moose_ribs":2,"minecraft:wooden_axe":22,"minecraft:sweet_berries":24,"minecraft:furnace":3,"alexsmobs:banana":3,"tombstone:gift":12,"minecraft:cooked_beef":4,"minecraft:stone_pickaxe":47,"minecraft:wooden_pickaxe":11,"biomesoplenty:fir_planks":105,"biomesoplenty:fir_boat":3,"minecraft:white_wool":2,"minecraft:golden_apple":1,"minecraft:stripped_mangrove_wood":2,"minecraft:crafting_table":3,"minecraft:mushroom_stew":2,"minecraft:spider_eye":1,"minecraft:spruce_log":3,"minecraft:bread":3,"minecraft:iron_pickaxe":6,"biomesoplenty:toadstool":4,"minecraft:stone_axe":128,"alexsmobs:cooked_moose_ribs":3,"minecraft:cobblestone":30,"minecraft:cooked_porkchop":3,"biomesoplenty:fir_log":7,"minecraft:golden_pickaxe":12},"minecraft:killed_by":{"minecraft:husk":1},"minecraft:broken":{"minecraft:stone_axe":1,"minecraft:leather_boots":1},"minecraft:dropped":{"minecraft:stripped_mangrove_wood":3,"minecraft:wheat_seeds":4,"minecraft:feather":1,"alexsmobs:bison_fur":2,"minecraft:dirt":5,"tombstone:grave_dust":6,"minecraft:iron_pickaxe":2,"minecraft:string":1,"minecraft:cyan_carpet":1,"minecraft:bone":2,"minecraft:stone_sword":1,"alexsmobs:animal_dictionary":1,"minecraft:dark_oak_sign":1,"minecraft:bowl":2,"minecraft:rotten_flesh":10,"minecraft:flint_and_steel":1,"minecraft:leather_chestplate":1,"minecraft:orange_banner":2,"minecraft:bundle":1,"minecraft:leather_boots":2,"minecraft:spider_eye":1,"minecraft:spruce_slab":7,"minecraft:arrow":1,"minecraft:stone_pickaxe":1,"minecraft:wooden_pickaxe":1,"alexsmobs:banana":3},"minecraft:custom":{"minecraft:mob_kills":32,"minecraft:interact_with_crafting_table":12,"minecraft:open_barrel":8,"minecraft:eat_cake_slice":10,"minecraft:leave_game":4,"minecraft:time_since_death":15564,"minecraft:climb_one_cm":1606,"minecraft:damage_resisted":64,"minecraft:sprint_one_cm":209274,"minecraft:walk_one_cm":366715,"minecraft:damage_blocked_by_shield":1014,"minecraft:drop":49,"minecraft:damage_dealt_absorbed":21,"minecraft:play_time":111153,"minecraft:deaths":12,"minecraft:sneak_time":12585,"minecraft:walk_under_water_one_cm":2391,"minecraft:boat_one_cm":134124,"minecraft:jump":2453,"minecraft:interact_with_blast_furnace":2,"minecraft:walk_on_water_one_cm":1574,"minecraft:total_world_time":111153,"minecraft:interact_with_furnace":40,"minecraft:interact_with_stonecutter":2,"minecraft:time_since_rest":15344,"minecraft:damage_taken":4793,"minecraft:damage_absorbed":40,"tombstone:sneak_grave":1,"minecraft:damage_dealt":5643,"minecraft:fly_one_cm":370684,"minecraft:open_chest":11,"minecraft:crouch_one_cm":39647,"tombstone:undead_killed":19,"minecraft:fall_one_cm":66890},"minecraft:picked_up":{"minecraft:crafting_table":3,"minecraft:iron_chestplate":1,"minecraft:ladder":1,"minecraft:chicken":1,"minecraft:turtle_helmet":1,"minecraft:golden_pickaxe":1,"minecraft:orange_banner":2,"minecraft:enchanted_book":1,"minecraft:string":1,"minecraft:dark_oak_trapdoor":1,"minecraft:flint_and_steel":1,"minecraft:cyan_carpet":1,"biomesoplenty:fir_planks":17,"minecraft:spruce_planks":6,"minecraft:beef":3,"minecraft:calcite":3,"minecraft:iron_pickaxe":1,"minecraft:spruce_slab":2,"minecraft:furnace":3,"minecraft:stick":6,"minecraft:stripped_mangrove_wood":5,"minecraft:torch":1,"minecraft:porkchop":3,"minecraft:cookie":1,"minecraft:stone_sword":1,"minecraft:arrow":3,"minecraft:rotten_flesh":18,"minecraft:mutton":4,"minecraft:white_wool":2,"minecraft:cobblestone":46,"minecraft:leather_chestplate":1,"minecraft:feather":1,"alexsmobs:bison_fur":2,"biomesoplenty:fir_log":83,"minecraft:dirt":11,"tombstone:gift":3,"minecraft:leather_boots":1,"minecraft:bone":2,"minecraft:wheat_seeds":4,"biomesoplenty:fir_boat":4,"minecraft:dark_oak_sign":1,"minecraft:cooked_chicken":1,"biomesoplenty:toadstool":4,"minecraft:pumpkin":1,"minecraft:sweet_berries":22,"minecraft:blast_furnace":1,"minecraft:spruce_log":11,"minecraft:spider_eye":2,"minecraft:bundle":1,"minecraft:golden_apple":1,"alexsmobs:moose_ribs":3,"minecraft:netherrack":1,"minecraft:coal":35},"minecraft:crafted":{"minecraft:cooked_chicken":1,"minecraft:furnace":1,"minecraft:spruce_slab":6,"minecraft:stone_pickaxe":1,"minecraft:cooked_beef":4,"minecraft:cooked_porkchop":3,"minecraft:crafting_table":1,"minecraft:spruce_planks":32,"minecraft:wooden_pickaxe":1,"alexsmobs:cooked_moose_ribs":3,"minecraft:stone_axe":1,"minecraft:air":0,"biomesoplenty:fir_planks":304,"minecraft:shield":1,"minecraft:stick":12,"minecraft:iron_ingot":9,"minecraft:iron_pickaxe":1,"minecraft:wooden_axe":1,"minecraft:stone_sword":1}},"DataVersion":3465}