{"stats":{"minecraft:picked_up":{"minecraft:rotten_flesh":7,"minecraft:wheat_seeds":1,"minecraft:spruce_sapling":1},"minecraft:used":{"minecraft:rotten_flesh":1,"minecraft:spruce_sapling":1},"minecraft:killed_by":{"minecraft:zombie":1},"minecraft:custom":{"minecraft:time_since_rest":1539,"minecraft:crouch_one_cm":138,"minecraft:sprint_one_cm":13127,"minecraft:play_time":3771,"minecraft:deaths":1,"minecraft:damage_taken":335,"minecraft:walk_one_cm":12589,"minecraft:sneak_time":17,"minecraft:mob_kills":2,"minecraft:drop":7,"minecraft:jump":136,"minecraft:damage_dealt":253,"minecraft:leave_game":1,"minecraft:time_since_death":1265,"minecraft:total_world_time":3771,"minecraft:fall_one_cm":3216,"minecraft:fly_one_cm":18531},"minecraft:killed":{"minecraft:zombie_villager":1},"minecraft:mined":{"minecraft:spruce_leaves":2,"minecraft:fern":1},"minecraft:dropped":{"minecraft:rotten_flesh":6,"minecraft:wheat_seeds":1}},"DataVersion":3465}