{"stats":{"minecraft:mined":{"minecraft:grass":1,"minecraft:grass_block":7,"minecraft:dirt":11,"minecraft:spruce_leaves":2,"minecraft:fern":1},"minecraft:killed":{"minecraft:pig":2,"minecraft:zombie_villager":1},"minecraft:killed_by":{"minecraft:zombie":1},"minecraft:used":{"minecraft:flint_and_steel":41,"minecraft:stone":163,"minecraft:spruce_sapling":1,"minecraft:rotten_flesh":4,"minecraft:netherrack":37,"minecraft:spruce_leaves":6,"minecraft:dirt":67,"minecraft:tnt":204,"minecraft:porkchop":1,"minecraft:podzol":1,"tombstone:gift":2},"minecraft:dropped":{"minecraft:dirt":39,"minecraft:wheat_seeds":1,"minecraft:rotten_flesh":6},"minecraft:custom":{"minecraft:time_since_rest":538,"minecraft:sprint_one_cm":60048,"minecraft:damage_taken":2315,"minecraft:walk_one_cm":76947,"minecraft:mob_kills":4,"minecraft:drop":22,"minecraft:damage_dealt":373,"minecraft:fly_one_cm":704935,"minecraft:crouch_one_cm":3839,"minecraft:play_time":49227,"minecraft:deaths":7,"minecraft:sneak_time":3291,"minecraft:walk_under_water_one_cm":709,"minecraft:jump":537,"minecraft:leave_game":6,"minecraft:walk_on_water_one_cm":417,"minecraft:time_since_death":1061,"minecraft:total_world_time":49227,"minecraft:fall_one_cm":38497},"minecraft:picked_up":{"minecraft:stick":4,"minecraft:brown_mushroom":1,"minecraft:porkchop":1,"minecraft:spruce_sapling":6,"minecraft:spruce_log":8,"minecraft:dirt":205,"minecraft:rotten_flesh":10,"minecraft:wheat_seeds":4,"minecraft:cobblestone":72}},"DataVersion":3465}