{"stats":{"minecraft:picked_up":{"minecraft:birch_log":3,"minecraft:crafting_table":1,"minecraft:wheat":24,"minecraft:flower_pot":1,"minecraft:golden_leggings":1,"minecraft:birch_planks":4,"minecraft:enchanted_book":1,"minecraft:oak_log":11,"minecraft:dirt":13,"minecraft:netherite_scrap":15,"minecraft:bone":8,"minecraft:item_frame":1,"minecraft:zombie_head":1,"minecraft:stone_bricks":9,"minecraft:wheat_seeds":95,"minecraft:iron_ingot":3,"minecraft:poppy":2,"minecraft:bamboo":1,"minecraft:sugar_cane":27,"minecraft:oak_planks":1,"minecraft:furnace":1,"minecraft:book":9,"minecraft:golden_helmet":1,"minecraft:scaffolding":1,"minecraft:raw_iron":13,"minecraft:oak_door":1,"minecraft:spruce_fence":1,"tombstone:grave_dust":7,"minecraft:diorite":14,"minecraft:brown_carpet":1,"minecraft:bundle":1,"alexsmobs:raw_catfish":4,"minecraft:arrow":3,"minecraft:rotten_flesh":6,"minecraft:hay_block":20,"tombstone:magic_scroll":1,"minecraft:iron_bars":4,"minecraft:coal":27,"minecraft:white_wool":3,"minecraft:cobblestone":149},"minecraft:used":{"alexsmobs:large_catfish_bucket":1,"minecraft:wheat_seeds":18,"minecraft:water_bucket":1,"minecraft:netherite_sword":20,"minecraft:stone_sword":11,"minecraft:flint_and_steel":30,"minecraft:stone_pickaxe":206,"minecraft:stone_shovel":12,"minecraft:oak_planks":3,"minecraft:wooden_pickaxe":24,"minecraft:shield":30,"minecraft:iron_sword":28,"minecraft:stone_hoe":26,"minecraft:oak_door":2,"alexsmobs:spawn_egg_catfish":1,"minecraft:vine":34,"minecraft:crafting_table":6,"minecraft:cod":6,"waystones:waystone":5,"minecraft:oak_log":16,"minecraft:stone_brick_slab":10,"minecraft:sea_lantern":11,"minecraft:villager_spawn_egg":6,"minecraft:bread":3,"minecraft:grass_block":2,"minecraft:iron_pickaxe":23,"tombstone:magic_scroll":4,"minecraft:flowering_azalea_leaves":41,"minecraft:cobblestone":19,"minecraft:brown_carpet":1,"minecraft:stone_bricks":21,"minecraft:stone_axe":13,"minecraft:wooden_sword":13,"minecraft:azalea_leaves":10,"minecraft:black_stained_glass":9,"minecraft:scaffolding":1,"minecraft:furnace":2,"minecraft:white_stained_glass":1,"minecraft:bucket":3,"tombstone:gift":5,"alexsmobs:animal_dictionary":1},"minecraft:killed":{"minecraft:zombie_villager":1,"minecraft:iron_golem":1,"minecraft:phantom":1,"minecraft:skeleton":4,"minecraft:zombie":6,"minecraft:wither_skeleton":3},"minecraft:killed_by":{"minecraft:player":1},"minecraft:custom":{"minecraft:interact_with_furnace":12,"minecraft:mob_kills":17,"tombstone:raider_killed":3,"minecraft:interact_with_crafting_table":19,"minecraft:open_barrel":2,"minecraft:eat_cake_slice":7,"minecraft:leave_game":2,"minecraft:time_since_death":4813,"minecraft:sleep_in_bed":1,"minecraft:climb_one_cm":1164,"minecraft:time_since_rest":839,"minecraft:waystone_activated":7,"minecraft:sprint_one_cm":199481,"minecraft:damage_taken":2083,"minecraft:walk_one_cm":190572,"minecraft:damage_blocked_by_shield":1137,"minecraft:drop":45,"minecraft:damage_dealt":5259,"minecraft:swim_one_cm":3453,"minecraft:fly_one_cm":1666974,"minecraft:open_chest":16,"minecraft:play_time":159938,"minecraft:crouch_one_cm":10731,"tombstone:undead_killed":15,"minecraft:deaths":4,"minecraft:sneak_time":7717,"minecraft:walk_under_water_one_cm":9048,"minecraft:jump":1137,"minecraft:walk_on_water_one_cm":11816,"minecraft:total_world_time":159938,"minecraft:fall_one_cm":25202},"minecraft:crafted":{"minecraft:oak_planks":40,"minecraft:stone_shovel":1,"minecraft:crafting_table":5,"minecraft:wooden_pickaxe":1,"minecraft:iron_sword":1,"minecraft:furnace":2,"minecraft:bucket":1,"minecraft:birch_planks":8,"minecraft:stone_axe":1,"minecraft:bread":64,"minecraft:air":0,"minecraft:iron_boots":1,"minecraft:shield":1,"minecraft:stick":16,"minecraft:iron_ingot":12,"minecraft:iron_pickaxe":1,"minecraft:stone_pickaxe":2,"minecraft:stone_sword":1,"minecraft:stone_hoe":1,"minecraft:wheat":180},"minecraft:dropped":{"minecraft:bread":23,"minecraft:birch_planks":4,"minecraft:oak_planks":1,"alexsmobs:raw_catfish":3,"tombstone:grave_dust":8,"minecraft:iron_bars":4,"waystones:waystone":2,"minecraft:birch_log":1},"minecraft:broken":{"minecraft:stone_pickaxe":1},"minecraft:mined":{"minecraft:scaffolding":1,"minecraft:brown_carpet":1,"minecraft:crafting_table":1,"biomesoplenty:bush":3,"minecraft:spruce_fence":1,"minecraft:tall_grass":3,"minecraft:cobblestone":4,"minecraft:sugar_cane":13,"minecraft:diorite":14,"minecraft:spawner":1,"minecraft:hay_block":20,"minecraft:furnace":1,"minecraft:birch_log":2,"minecraft:iron_ore":13,"minecraft:wheat":20,"minecraft:fire":1,"minecraft:birch_leaves":1,"minecraft:grass":4,"minecraft:bookshelf":3,"minecraft:oak_log":11,"minecraft:coal_ore":28,"minecraft:iron_bars":2,"minecraft:zombie_head":1,"minecraft:dirt":13,"minecraft:stone":146,"minecraft:stone_bricks":9,"minecraft:white_wool":3,"minecraft:oak_leaves":3}},"DataVersion":3465}