{"stats":{"minecraft:dropped":{"minecraft:dirt":39,"minecraft:wheat_seeds":1,"minecraft:rotten_flesh":6},"minecraft:crafted":{"minecraft:crafting_table":1,"minecraft:spruce_planks":20,"minecraft:stick":4,"minecraft:wooden_pickaxe":1,"minecraft:stone_pickaxe":1},"minecraft:killed":{"minecraft:pig":2,"minecraft:zombie_villager":1},"minecraft:used":{"minecraft:flint_and_steel":41,"minecraft:stone_pickaxe":13,"minecraft:wooden_pickaxe":7,"minecraft:stone":163,"minecraft:spruce_sapling":2,"minecraft:rotten_flesh":4,"minecraft:netherrack":37,"minecraft:spruce_leaves":16,"minecraft:dirt":67,"minecraft:crafting_table":1,"minecraft:tnt":204,"minecraft:porkchop":1,"minecraft:podzol":1,"tombstone:gift":2},"minecraft:picked_up":{"minecraft:stick":4,"minecraft:brown_mushroom":1,"minecraft:porkchop":1,"minecraft:spruce_sapling":7,"minecraft:spruce_log":13,"minecraft:dirt":214,"minecraft:rotten_flesh":10,"minecraft:wheat_seeds":4,"minecraft:cobblestone":88},"minecraft:killed_by":{"minecraft:zombie":1},"minecraft:mined":{"minecraft:spruce_log":5,"minecraft:grass":1,"minecraft:grass_block":11,"minecraft:dirt":16,"minecraft:spruce_leaves":3,"minecraft:stone":19,"minecraft:fern":1},"minecraft:custom":{"minecraft:time_since_rest":17123,"minecraft:sprint_one_cm":94841,"minecraft:damage_taken":2705,"minecraft:walk_one_cm":97176,"minecraft:mob_kills":4,"minecraft:drop":22,"minecraft:damage_dealt":418,"minecraft:interact_with_crafting_table":2,"minecraft:fly_one_cm":938297,"minecraft:crouch_one_cm":4976,"minecraft:play_time":81772,"minecraft:deaths":8,"minecraft:sneak_time":4653,"minecraft:walk_under_water_one_cm":709,"minecraft:jump":846,"minecraft:leave_game":7,"minecraft:walk_on_water_one_cm":475,"minecraft:time_since_death":17486,"minecraft:total_world_time":81772,"minecraft:fall_one_cm":51374}},"DataVersion":3465}