{"stats":{"minecraft:dropped":{"alexsmobs:raw_catfish":3,"tombstone:grave_dust":8,"waystones:waystone":2},"minecraft:custom":{"minecraft:interact_with_furnace":3,"minecraft:mob_kills":7,"tombstone:raider_killed":3,"minecraft:interact_with_crafting_table":5,"minecraft:open_barrel":2,"minecraft:time_since_death":68532,"minecraft:climb_one_cm":1132,"minecraft:time_since_rest":68316,"minecraft:waystone_activated":7,"minecraft:sprint_one_cm":130537,"minecraft:damage_taken":1182,"minecraft:walk_one_cm":113624,"minecraft:drop":13,"minecraft:damage_dealt":3037,"minecraft:swim_one_cm":2379,"minecraft:fly_one_cm":936000,"minecraft:open_chest":14,"minecraft:crouch_one_cm":8847,"minecraft:play_time":103599,"tombstone:undead_killed":7,"minecraft:deaths":2,"minecraft:sneak_time":5912,"minecraft:walk_under_water_one_cm":2607,"minecraft:jump":786,"minecraft:walk_on_water_one_cm":5748,"minecraft:total_world_time":103599,"minecraft:fall_one_cm":18413},"minecraft:killed_by":{"minecraft:player":1},"minecraft:crafted":{"minecraft:oak_planks":40,"minecraft:crafting_table":2,"minecraft:wooden_pickaxe":1,"minecraft:furnace":1,"minecraft:stick":16,"minecraft:stone_sword":1,"minecraft:stone_pickaxe":1},"minecraft:used":{"alexsmobs:large_catfish_bucket":1,"minecraft:netherite_sword":20,"minecraft:flint_and_steel":27,"minecraft:stone_pickaxe":59,"minecraft:oak_planks":3,"minecraft:wooden_pickaxe":21,"minecraft:oak_door":1,"alexsmobs:spawn_egg_catfish":1,"minecraft:vine":34,"minecraft:crafting_table":3,"minecraft:cod":6,"minecraft:oak_log":16,"waystones:waystone":5,"minecraft:stone_brick_slab":10,"minecraft:sea_lantern":11,"minecraft:villager_spawn_egg":6,"minecraft:grass_block":2,"tombstone:magic_scroll":4,"minecraft:stone_bricks":12,"minecraft:flowering_azalea_leaves":41,"minecraft:wooden_sword":13,"minecraft:azalea_leaves":10,"minecraft:cobblestone":10,"minecraft:brown_carpet":1,"minecraft:black_stained_glass":9,"minecraft:scaffolding":1,"minecraft:furnace":1,"minecraft:white_stained_glass":1,"minecraft:bucket":1,"tombstone:gift":1,"alexsmobs:animal_dictionary":1},"minecraft:mined":{"minecraft:scaffolding":1,"minecraft:brown_carpet":1,"minecraft:crafting_table":1,"minecraft:cobblestone":1,"minecraft:iron_ore":1,"minecraft:birch_leaves":1,"minecraft:grass":1,"minecraft:oak_log":11,"minecraft:coal_ore":28,"minecraft:zombie_head":1,"minecraft:stone":30,"minecraft:oak_leaves":3},"minecraft:killed":{"minecraft:zombie_villager":1,"minecraft:phantom":1,"minecraft:zombie":2,"minecraft:wither_skeleton":3},"minecraft:picked_up":{"minecraft:crafting_table":1,"minecraft:oak_log":11,"minecraft:netherite_scrap":15,"minecraft:zombie_head":1,"minecraft:bone":3,"minecraft:wheat_seeds":28,"minecraft:poppy":1,"minecraft:scaffolding":1,"minecraft:raw_iron":1,"minecraft:oak_door":1,"tombstone:grave_dust":7,"minecraft:brown_carpet":1,"minecraft:bundle":1,"alexsmobs:raw_catfish":4,"minecraft:rotten_flesh":4,"tombstone:magic_scroll":1,"minecraft:coal":27,"minecraft:cobblestone":31}},"DataVersion":3465}