{"stats":{"minecraft:dropped":{"tombstone:grave_dust":8,"waystones:waystone":2,"alexsmobs:raw_catfish":3},"minecraft:custom":{"minecraft:time_since_rest":20316,"minecraft:waystone_activated":6,"minecraft:sprint_one_cm":105094,"minecraft:damage_taken":1082,"minecraft:walk_one_cm":91180,"minecraft:mob_kills":7,"minecraft:drop":13,"tombstone:raider_killed":3,"minecraft:damage_dealt":3033,"minecraft:swim_one_cm":1705,"minecraft:interact_with_crafting_table":3,"minecraft:fly_one_cm":677058,"minecraft:open_chest":6,"minecraft:crouch_one_cm":6730,"minecraft:play_time":55599,"tombstone:undead_killed":7,"minecraft:deaths":2,"minecraft:sneak_time":4599,"minecraft:walk_under_water_one_cm":793,"minecraft:jump":588,"minecraft:walk_on_water_one_cm":3128,"minecraft:time_since_death":20532,"minecraft:total_world_time":55599,"minecraft:climb_one_cm":677,"minecraft:fall_one_cm":12717},"minecraft:killed_by":{"minecraft:player":1},"minecraft:crafted":{"minecraft:oak_planks":40,"minecraft:crafting_table":1,"minecraft:stick":16,"minecraft:wooden_pickaxe":1,"minecraft:stone_pickaxe":1},"minecraft:used":{"minecraft:oak_log":16,"waystones:waystone":4,"minecraft:stone_brick_slab":10,"alexsmobs:large_catfish_bucket":1,"minecraft:netherite_sword":20,"minecraft:sea_lantern":11,"minecraft:villager_spawn_egg":6,"minecraft:flint_and_steel":27,"minecraft:grass_block":2,"minecraft:stone_pickaxe":59,"minecraft:wooden_pickaxe":21,"minecraft:flowering_azalea_leaves":41,"minecraft:stone_bricks":12,"minecraft:cobblestone":10,"alexsmobs:spawn_egg_catfish":1,"minecraft:wooden_sword":13,"minecraft:brown_carpet":1,"minecraft:black_stained_glass":9,"minecraft:azalea_leaves":10,"minecraft:vine":34,"minecraft:scaffolding":1,"minecraft:crafting_table":2,"minecraft:white_stained_glass":1,"minecraft:bucket":1,"tombstone:gift":1,"alexsmobs:animal_dictionary":1},"minecraft:mined":{"minecraft:scaffolding":1,"minecraft:iron_ore":1,"minecraft:brown_carpet":1,"minecraft:birch_leaves":1,"minecraft:crafting_table":1,"minecraft:grass":1,"minecraft:coal_ore":28,"minecraft:oak_log":11,"minecraft:zombie_head":1,"minecraft:cobblestone":1,"minecraft:stone":30,"minecraft:oak_leaves":3},"minecraft:killed":{"minecraft:zombie":2,"minecraft:zombie_villager":1,"minecraft:wither_skeleton":3,"minecraft:phantom":1},"minecraft:picked_up":{"minecraft:raw_iron":1,"minecraft:crafting_table":1,"minecraft:scaffolding":1,"minecraft:oak_log":11,"tombstone:grave_dust":7,"minecraft:bone":3,"minecraft:netherite_scrap":15,"minecraft:brown_carpet":1,"minecraft:bundle":1,"alexsmobs:raw_catfish":4,"minecraft:zombie_head":1,"minecraft:rotten_flesh":4,"minecraft:wheat_seeds":28,"minecraft:poppy":1,"tombstone:magic_scroll":1,"minecraft:coal":27,"minecraft:cobblestone":31}},"DataVersion":3465}