{"stats":{"minecraft:mined":{"minecraft:spruce_log":5,"minecraft:grass":1,"minecraft:grass_block":7,"minecraft:dirt":11,"minecraft:spruce_leaves":3,"minecraft:fern":1},"minecraft:killed":{"minecraft:pig":2,"minecraft:zombie_villager":1},"minecraft:killed_by":{"minecraft:zombie":1},"minecraft:used":{"minecraft:flint_and_steel":41,"minecraft:stone":163,"minecraft:spruce_sapling":2,"minecraft:rotten_flesh":4,"minecraft:netherrack":37,"minecraft:spruce_leaves":16,"minecraft:dirt":67,"minecraft:tnt":204,"minecraft:porkchop":1,"minecraft:podzol":1,"tombstone:gift":2},"minecraft:dropped":{"minecraft:dirt":39,"minecraft:wheat_seeds":1,"minecraft:rotten_flesh":6},"minecraft:custom":{"minecraft:time_since_rest":6816,"minecraft:sprint_one_cm":82512,"minecraft:damage_taken":2615,"minecraft:walk_one_cm":94226,"minecraft:mob_kills":4,"minecraft:drop":22,"minecraft:damage_dealt":418,"minecraft:fly_one_cm":927534,"minecraft:crouch_one_cm":4519,"minecraft:play_time":71465,"minecraft:deaths":8,"minecraft:sneak_time":4270,"minecraft:walk_under_water_one_cm":709,"minecraft:jump":793,"minecraft:leave_game":7,"minecraft:walk_on_water_one_cm":475,"minecraft:time_since_death":7179,"minecraft:total_world_time":71465,"minecraft:fall_one_cm":49087},"minecraft:picked_up":{"minecraft:stick":4,"minecraft:brown_mushroom":1,"minecraft:porkchop":1,"minecraft:spruce_sapling":7,"minecraft:spruce_log":13,"minecraft:dirt":205,"minecraft:rotten_flesh":10,"minecraft:wheat_seeds":4,"minecraft:cobblestone":72}},"DataVersion":3465}