{"stats":{"minecraft:used":{"minecraft:moss_block":1,"minecraft:moss_carpet":2,"minecraft:flint_and_steel":42,"minecraft:tropical_fish":1,"minecraft:shield":136,"minecraft:iron_sword":146,"minecraft:stone":163,"minecraft:cooked_chicken":1,"minecraft:rotten_flesh":10,"minecraft:netherrack":37,"minecraft:spruce_leaves":17,"minecraft:torch":29,"minecraft:dirt":96,"minecraft:lava_bucket":2,"biomesoplenty:fir_sapling":1,"minecraft:iron_helmet":1,"minecraft:stone_brick_stairs":31,"minecraft:stone_bricks":25,"minecraft:sweet_berries":38,"minecraft:furnace":4,"minecraft:podzol":1,"minecraft:egg":2,"alexsmobs:banana":3,"tombstone:gift":4,"minecraft:cooked_beef":3,"minecraft:cobbled_deepslate":1,"minecraft:beetroot_soup":1,"minecraft:stone_pickaxe":111,"minecraft:dark_oak_sign":3,"minecraft:wooden_pickaxe":7,"minecraft:leather_chestplate":1,"biomesoplenty:fir_boat":2,"minecraft:redstone_block":55,"minecraft:stripped_mangrove_wood":3,"minecraft:golden_apple":1,"minecraft:glow_berries":15,"minecraft:tnt":237,"minecraft:crafting_table":7,"waystones:waystone":1,"minecraft:bread":1,"minecraft:iron_pickaxe":85,"minecraft:spruce_sapling":2,"minecraft:stone_axe":84,"alexsmobs:cooked_moose_ribs":1,"minecraft:diamond_sword":72,"minecraft:purple_bed":1,"minecraft:cobblestone":77,"minecraft:turtle_helmet":1,"minecraft:porkchop":1,"minecraft:bucket":1,"biomesoplenty:fir_log":26,"minecraft:splash_potion":56},"minecraft:picked_up":{"minecraft:wooden_axe":1,"minecraft:iron_chestplate":1,"minecraft:crafting_table":1,"minecraft:birch_door":2,"minecraft:redstone_block":5,"minecraft:chicken":1,"minecraft:turtle_helmet":1,"minecraft:rabbit_stew":1,"minecraft:golden_pickaxe":1,"minecraft:brown_mushroom":1,"minecraft:wooden_pickaxe":1,"minecraft:potion":2,"minecraft:gold_block":1,"minecraft:enchanted_book":1,"minecraft:shield":1,"minecraft:string":2,"minecraft:dark_oak_trapdoor":3,"minecraft:moss_carpet":2,"minecraft:flint_and_steel":1,"minecraft:beetroot_soup":1,"minecraft:item_frame":1,"minecraft:cyan_carpet":7,"minecraft:beetroot":4,"alexsmobs:banana":3,"minecraft:cobbled_deepslate":3,"biomesoplenty:fir_planks":192,"minecraft:beef":7,"minecraft:calcite":1,"alexsmobs:raccoon_tail":4,"minecraft:spruce_slab":7,"minecraft:sugar_cane":6,"minecraft:chest":1,"minecraft:furnace":1,"minecraft:egg":2,"minecraft:stick":5,"minecraft:raw_iron":36,"minecraft:stripped_mangrove_wood":1,"minecraft:torch":3,"minecraft:porkchop":1,"tombstone:grave_dust":6,"minecraft:carrot":3,"minecraft:stone_sword":1,"minecraft:arrow":2,"minecraft:rotten_flesh":48,"minecraft:tropical_fish":1,"minecraft:pumpkin_pie":6,"minecraft:gold_ingot":3,"minecraft:glistering_melon_slice":2,"minecraft:glow_berries":13,"minecraft:white_wool":6,"minecraft:cobblestone":179,"minecraft:feather":3,"minecraft:glow_ink_sac":3,"biomesoplenty:fir_sapling":1,"biomesoplenty:fir_log":46,"alexsmobs:bison_fur":2,"minecraft:mushroom_stew":5,"minecraft:oak_log":1,"minecraft:gunpowder":1,"minecraft:dirt":258,"tombstone:gift":2,"minecraft:leather_boots":1,"minecraft:cooked_mutton":1,"minecraft:bone":2,"minecraft:apple":6,"minecraft:gray_carpet":1,"minecraft:wheat_seeds":7,"biomesoplenty:fir_boat":3,"minecraft:iron_ingot":1,"minecraft:dark_oak_sign":2,"minecraft:moss_block":1,"minecraft:flowering_azalea":8,"minecraft:book":39,"biomesoplenty:toadstool":14,"minecraft:sweet_berries":39,"minecraft:spyglass":1,"minecraft:gravel":4,"minecraft:spruce_sapling":10,"minecraft:spruce_log":22,"minecraft:spider_eye":1,"minecraft:bundle":3,"minecraft:purple_bed":1,"minecraft:soul_lantern":1,"minecraft:granite":2,"minecraft:painting":1,"minecraft:golden_apple":1,"alexsmobs:moose_ribs":4,"minecraft:emerald":1,"alexsmobs:maggot":1,"tombstone:magic_scroll":1,"minecraft:coal":60},"minecraft:custom":{"minecraft:mob_kills":58,"minecraft:interact_with_crafting_table":18,"minecraft:open_barrel":4,"minecraft:eat_cake_slice":3,"minecraft:leave_game":11,"minecraft:time_since_death":45300,"minecraft:climb_one_cm":474,"minecraft:damage_resisted":96,"minecraft:sprint_one_cm":354276,"minecraft:walk_one_cm":443117,"minecraft:damage_blocked_by_shield":2882,"minecraft:drop":82,"minecraft:damage_dealt_absorbed":80,"minecraft:talked_to_villager":1,"minecraft:play_time":242119,"minecraft:sneak_time":22365,"minecraft:deaths":18,"minecraft:walk_under_water_one_cm":19496,"minecraft:boat_one_cm":125759,"minecraft:jump":2477,"minecraft:walk_on_water_one_cm":31436,"minecraft:total_world_time":242119,"minecraft:interact_with_furnace":29,"minecraft:time_since_rest":44649,"minecraft:waystone_activated":2,"minecraft:damage_taken":7018,"minecraft:damage_absorbed":40,"minecraft:damage_dealt":10545,"minecraft:player_kills":1,"minecraft:swim_one_cm":11543,"minecraft:fly_one_cm":1671693,"minecraft:open_chest":7,"minecraft:crouch_one_cm":50286,"tombstone:undead_killed":30,"minecraft:fall_one_cm":97288},"minecraft:mined":{"minecraft:granite":1,"minecraft:grass_block":16,"minecraft:spruce_leaves":5,"minecraft:moss_block":2,"minecraft:spawner":3,"minecraft:furnace":1,"minecraft:dark_oak_trapdoor":1,"biomesoplenty:toadstool":16,"minecraft:iron_ore":33,"minecraft:fire":2,"minecraft:moss_carpet":1,"minecraft:gold_block":1,"minecraft:bookshelf":15,"minecraft:deepslate_iron_ore":3,"minecraft:stone":106,"minecraft:stripped_mangrove_wood":2,"minecraft:flowering_azalea":8,"minecraft:soul_lantern":1,"minecraft:crafting_table":1,"minecraft:calcite":2,"minecraft:tall_grass":1,"minecraft:cobblestone":2,"biomesoplenty:sprout":5,"minecraft:sugar_cane":2,"minecraft:purple_bed":1,"minecraft:sweet_berry_bush":17,"minecraft:ice":1,"minecraft:spruce_log":12,"biomesoplenty:fir_log":46,"minecraft:grass":4,"minecraft:coal_ore":42,"biomesoplenty:fir_leaves":1,"minecraft:cyan_carpet":6,"minecraft:dirt":20,"minecraft:deepslate":1,"minecraft:fern":6},"minecraft:broken":{"minecraft:shield":2},"minecraft:crafted":{"minecraft:oak_planks":4,"minecraft:cooked_chicken":1,"minecraft:furnace":3,"minecraft:stone_pickaxe":1,"minecraft:cooked_beef":3,"biomesoplenty:fir_boat":3,"minecraft:crafting_table":6,"minecraft:spruce_planks":60,"minecraft:wooden_pickaxe":1,"minecraft:iron_helmet":1,"minecraft:iron_sword":1,"alexsmobs:cooked_moose_ribs":1,"minecraft:stone_axe":1,"minecraft:air":0,"biomesoplenty:fir_planks":80,"minecraft:iron_chestplate":1,"minecraft:shield":2,"minecraft:stick":28,"minecraft:iron_ingot":8,"minecraft:iron_pickaxe":1,"minecraft:torch":28},"minecraft:dropped":{"minecraft:wheat_seeds":4,"minecraft:golden_pickaxe":1,"biomesoplenty:fir_boat":2,"minecraft:feather":3,"alexsmobs:bison_fur":2,"minecraft:stick":5,"minecraft:dirt":39,"minecraft:torch":1,"minecraft:dark_oak_trapdoor":1,"minecraft:string":2,"alexsmobs:raccoon_tail":2,"minecraft:bucket":1,"minecraft:redstone_block":1,"minecraft:gravel":4,"biomesoplenty:toadstool":4,"minecraft:sweet_berries":8,"minecraft:bowl":1,"minecraft:rotten_flesh":23,"minecraft:carrot":1,"minecraft:turtle_helmet":1,"minecraft:iron_chestplate":1,"alexsmobs:moose_ribs":1,"minecraft:spider_eye":1,"minecraft:spruce_slab":1,"minecraft:stone_pickaxe":1,"minecraft:beef":3,"minecraft:wooden_pickaxe":1},"minecraft:killed_by":{"minecraft:husk":2,"minecraft:zombie":1},"minecraft:killed":{"minecraft:spider":6,"creeperoverhaul:snowy_creeper":3,"minecraft:skeleton":7,"minecraft:chicken":1,"alexsmobs:bison":1,"minecraft:drowned":1,"minecraft:husk":16,"minecraft:pig":2,"minecraft:zombie_villager":1,"minecraft:salmon":4,"creeperoverhaul:spruce_creeper":2,"alexsmobs:seal":1,"mowziesmobs:lantern":1,"alexsmobs:catfish":1,"minecraft:zombie":6,"alexsmobs:moose":1,"alexsmobs:fly":1,"minecraft:glow_squid":1}},"DataVersion":3465}