{"stats":{"minecraft:dropped":{"alexsmobs:raw_catfish":3},"minecraft:custom":{"minecraft:open_chest":2,"minecraft:time_since_rest":16798,"minecraft:crouch_one_cm":456,"minecraft:play_time":16798,"minecraft:sprint_one_cm":19972,"minecraft:damage_taken":280,"minecraft:walk_one_cm":22860,"minecraft:sneak_time":689,"minecraft:drop":3,"minecraft:jump":107,"minecraft:damage_dealt":104,"minecraft:time_since_death":16798,"minecraft:walk_on_water_one_cm":722,"minecraft:total_world_time":16798,"minecraft:climb_one_cm":220,"minecraft:fall_one_cm":4181,"minecraft:fly_one_cm":206125},"minecraft:used":{"minecraft:oak_log":2,"alexsmobs:large_catfish_bucket":1,"alexsmobs:spawn_egg_catfish":1,"minecraft:villager_spawn_egg":5,"minecraft:grass_block":2,"minecraft:bucket":1,"alexsmobs:animal_dictionary":1},"minecraft:picked_up":{"alexsmobs:raw_catfish":4,"minecraft:wheat_seeds":28}},"DataVersion":3465}