{"stats":{"minecraft:dropped":{"minecraft:sweet_berries":8,"minecraft:wheat_seeds":1,"minecraft:rotten_flesh":6,"minecraft:dirt":39,"minecraft:spider_eye":1},"minecraft:crafted":{"minecraft:crafting_table":2,"minecraft:spruce_planks":28,"minecraft:wooden_pickaxe":1,"minecraft:cooked_chicken":1,"minecraft:iron_sword":1,"minecraft:furnace":1,"minecraft:stone_axe":1,"minecraft:air":0,"minecraft:shield":1,"minecraft:stick":20,"minecraft:iron_ingot":8,"minecraft:iron_pickaxe":1,"minecraft:stone_pickaxe":1,"minecraft:torch":28},"minecraft:killed":{"minecraft:pig":2,"minecraft:zombie_villager":1,"minecraft:spider":2,"creeperoverhaul:snowy_creeper":2,"minecraft:skeleton":1,"minecraft:zombie":3,"minecraft:chicken":1,"minecraft:glow_squid":1},"minecraft:used":{"minecraft:moss_carpet":2,"minecraft:flint_and_steel":41,"minecraft:stone_pickaxe":111,"minecraft:shield":28,"minecraft:wooden_pickaxe":7,"minecraft:iron_sword":33,"minecraft:stone":163,"minecraft:cooked_chicken":1,"minecraft:netherrack":37,"minecraft:rotten_flesh":4,"minecraft:spruce_leaves":17,"minecraft:torch":27,"minecraft:glow_berries":15,"minecraft:dirt":96,"minecraft:tnt":204,"minecraft:crafting_table":2,"minecraft:iron_pickaxe":75,"minecraft:spruce_sapling":2,"minecraft:stone_axe":43,"minecraft:cobblestone":74,"minecraft:sweet_berries":33,"minecraft:furnace":2,"minecraft:porkchop":1,"minecraft:podzol":1,"tombstone:gift":2},"minecraft:picked_up":{"minecraft:crafting_table":1,"minecraft:feather":3,"minecraft:chicken":1,"minecraft:glow_ink_sac":3,"minecraft:brown_mushroom":1,"biomesoplenty:fir_log":32,"minecraft:gunpowder":1,"minecraft:string":1,"minecraft:dirt":234,"minecraft:moss_carpet":2,"minecraft:bone":1,"minecraft:wheat_seeds":5,"minecraft:cobbled_deepslate":3,"minecraft:iron_ingot":1,"minecraft:spruce_slab":6,"minecraft:moss_block":1,"minecraft:flowering_azalea":8,"minecraft:egg":2,"minecraft:furnace":1,"minecraft:stick":4,"minecraft:raw_iron":36,"minecraft:sweet_berries":35,"minecraft:torch":2,"minecraft:gravel":4,"minecraft:porkchop":1,"minecraft:spruce_sapling":10,"minecraft:spruce_log":22,"minecraft:spider_eye":1,"minecraft:arrow":1,"minecraft:rotten_flesh":12,"minecraft:granite":1,"minecraft:glow_berries":13,"minecraft:coal":58,"minecraft:white_wool":2,"minecraft:cobblestone":179},"minecraft:killed_by":{"minecraft:zombie":1},"minecraft:mined":{"minecraft:flowering_azalea":8,"minecraft:crafting_table":1,"minecraft:granite":1,"minecraft:grass_block":13,"minecraft:tall_grass":1,"minecraft:cobblestone":2,"minecraft:spruce_leaves":5,"minecraft:moss_block":2,"minecraft:furnace":1,"minecraft:iron_ore":33,"minecraft:sweet_berry_bush":16,"minecraft:ice":1,"minecraft:spruce_log":12,"minecraft:moss_carpet":1,"biomesoplenty:fir_log":33,"minecraft:grass":2,"minecraft:coal_ore":42,"minecraft:deepslate_iron_ore":3,"minecraft:dirt":18,"minecraft:stone":106,"minecraft:deepslate":1,"minecraft:fern":4},"minecraft:custom":{"minecraft:interact_with_furnace":11,"minecraft:mob_kills":15,"minecraft:interact_with_crafting_table":9,"minecraft:leave_game":7,"minecraft:time_since_death":5829,"minecraft:climb_one_cm":81,"minecraft:time_since_rest":5538,"minecraft:sprint_one_cm":185493,"minecraft:damage_taken":3428,"minecraft:walk_one_cm":204392,"minecraft:damage_blocked_by_shield":580,"minecraft:drop":31,"minecraft:damage_dealt":1847,"minecraft:swim_one_cm":9556,"minecraft:fly_one_cm":1050157,"minecraft:crouch_one_cm":20541,"minecraft:play_time":129772,"tombstone:undead_killed":4,"minecraft:deaths":10,"minecraft:sneak_time":11688,"minecraft:walk_under_water_one_cm":11505,"minecraft:jump":1513,"minecraft:walk_on_water_one_cm":10023,"minecraft:total_world_time":129772,"minecraft:fall_one_cm":73819}},"DataVersion":3465}