{"stats":{"minecraft:used":{"minecraft:rotten_flesh":4,"minecraft:spruce_leaves":6,"minecraft:dirt":18,"minecraft:flint_and_steel":2,"minecraft:tnt":107,"minecraft:porkchop":1,"minecraft:podzol":1,"minecraft:stone":13,"minecraft:spruce_sapling":1},"minecraft:killed":{"minecraft:pig":1,"minecraft:zombie_villager":1},"minecraft:mined":{"minecraft:grass":1,"minecraft:grass_block":7,"minecraft:dirt":11,"minecraft:spruce_leaves":2,"minecraft:fern":1},"minecraft:killed_by":{"minecraft:zombie":1},"minecraft:dropped":{"minecraft:rotten_flesh":6,"minecraft:dirt":39,"minecraft:wheat_seeds":1},"minecraft:picked_up":{"minecraft:stick":2,"minecraft:rotten_flesh":10,"minecraft:brown_mushroom":1,"minecraft:wheat_seeds":4,"minecraft:porkchop":1,"minecraft:spruce_sapling":2,"minecraft:dirt":57},"minecraft:custom":{"minecraft:time_since_rest":26062,"minecraft:play_time":35919,"minecraft:crouch_one_cm":1554,"minecraft:sprint_one_cm":52321,"minecraft:damage_taken":2165,"minecraft:walk_one_cm":46998,"minecraft:deaths":6,"minecraft:sneak_time":2096,"minecraft:walk_under_water_one_cm":709,"minecraft:mob_kills":3,"minecraft:drop":22,"minecraft:jump":448,"minecraft:damage_dealt":353,"minecraft:leave_game":2,"minecraft:time_since_death":26036,"minecraft:walk_on_water_one_cm":417,"minecraft:total_world_time":35919,"minecraft:fly_one_cm":528778,"minecraft:fall_one_cm":35831}},"DataVersion":3465}