{"stats":{"minecraft:used":{"minecraft:rotten_flesh":4,"minecraft:spruce_leaves":1,"minecraft:dirt":18,"minecraft:porkchop":1,"minecraft:spruce_sapling":1},"minecraft:picked_up":{"minecraft:rotten_flesh":10,"minecraft:wheat_seeds":2,"minecraft:porkchop":1,"minecraft:spruce_sapling":1,"minecraft:dirt":57},"minecraft:killed_by":{"minecraft:zombie":1},"minecraft:custom":{"minecraft:time_since_rest":4508,"minecraft:play_time":14365,"minecraft:crouch_one_cm":138,"minecraft:sprint_one_cm":48151,"minecraft:damage_taken":2035,"minecraft:walk_one_cm":27206,"minecraft:deaths":6,"minecraft:sneak_time":712,"minecraft:walk_under_water_one_cm":709,"minecraft:mob_kills":3,"minecraft:drop":22,"minecraft:jump":409,"minecraft:damage_dealt":353,"minecraft:leave_game":2,"minecraft:time_since_death":4482,"minecraft:walk_on_water_one_cm":417,"minecraft:total_world_time":14365,"minecraft:fly_one_cm":261151,"minecraft:fall_one_cm":34240},"minecraft:killed":{"minecraft:pig":1,"minecraft:zombie_villager":1},"minecraft:dropped":{"minecraft:rotten_flesh":6,"minecraft:dirt":39,"minecraft:wheat_seeds":1},"minecraft:mined":{"minecraft:grass":1,"minecraft:grass_block":7,"minecraft:dirt":11,"minecraft:spruce_leaves":2,"minecraft:fern":1}},"DataVersion":3465}