{"stats":{"minecraft:custom":{"minecraft:mob_kills":22,"minecraft:interact_with_crafting_table":25,"minecraft:open_barrel":2,"minecraft:damage_dealt_resisted":72,"minecraft:eat_cake_slice":7,"minecraft:leave_game":3,"minecraft:time_since_death":16703,"minecraft:climb_one_cm":2209,"minecraft:sprint_one_cm":263222,"minecraft:walk_one_cm":266131,"minecraft:damage_blocked_by_shield":2772,"minecraft:drop":76,"minecraft:play_time":202898,"minecraft:deaths":8,"minecraft:sneak_time":9664,"minecraft:walk_under_water_one_cm":18216,"minecraft:jump":1515,"minecraft:walk_on_water_one_cm":19072,"minecraft:total_world_time":202898,"minecraft:interact_with_furnace":23,"tombstone:raider_killed":3,"minecraft:sleep_in_bed":1,"minecraft:time_since_rest":16389,"minecraft:waystone_activated":10,"minecraft:damage_taken":3968,"minecraft:damage_dealt":6444,"minecraft:swim_one_cm":5387,"minecraft:fly_one_cm":2207325,"minecraft:open_chest":50,"minecraft:crouch_one_cm":13501,"tombstone:undead_killed":18,"minecraft:fall_one_cm":38456},"minecraft:dropped":{"minecraft:stone_hoe":1,"minecraft:bread":31,"minecraft:birch_planks":17,"minecraft:wheat_seeds":49,"minecraft:golden_helmet":1,"minecraft:oak_log":4,"alexsmobs:raw_catfish":3,"minecraft:diamond_horse_armor":1,"minecraft:diorite":14,"tombstone:grave_dust":8,"minecraft:chainmail_leggings":1,"minecraft:string":3,"minecraft:birch_log":2,"minecraft:stone_sword":1,"minecraft:cobbled_deepslate":4,"minecraft:raw_iron":16,"minecraft:oak_planks":6,"minecraft:poppy":1,"minecraft:spider_eye":1,"minecraft:stone_bricks":1,"minecraft:iron_bars":4,"minecraft:wooden_pickaxe":1,"waystones:waystone":3},"minecraft:killed_by":{"minecraft:player":1},"minecraft:crafted":{"minecraft:oak_planks":48,"minecraft:stone_shovel":1,"minecraft:furnace":2,"minecraft:iron_boots":1,"minecraft:stone_pickaxe":2,"minecraft:stone_hoe":1,"minecraft:wheat":180,"minecraft:crafting_table":6,"minecraft:wooden_pickaxe":1,"minecraft:iron_sword":1,"minecraft:bucket":1,"minecraft:birch_planks":8,"minecraft:stone_axe":1,"minecraft:bread":64,"minecraft:air":0,"minecraft:iron_chestplate":1,"minecraft:shield":2,"minecraft:stick":16,"minecraft:iron_ingot":23,"minecraft:iron_pickaxe":1,"minecraft:stone_sword":1},"minecraft:used":{"alexsmobs:large_catfish_bucket":1,"minecraft:netherite_sword":20,"minecraft:stone_sword":11,"minecraft:flint_and_steel":30,"minecraft:stone_shovel":12,"minecraft:shield":57,"minecraft:stone":5,"minecraft:iron_sword":64,"minecraft:stone_hoe":26,"minecraft:oak_door":2,"alexsmobs:spawn_egg_catfish":1,"minecraft:raw_iron_block":1,"minecraft:stone_brick_slab":10,"minecraft:sea_lantern":11,"minecraft:villager_spawn_egg":6,"minecraft:grass_block":2,"minecraft:stone_bricks":21,"minecraft:brown_carpet":1,"minecraft:black_stained_glass":9,"minecraft:scaffolding":1,"minecraft:furnace":3,"tombstone:gift":5,"minecraft:cobbled_deepslate":2,"minecraft:wheat_seeds":18,"minecraft:water_bucket":5,"minecraft:stone_pickaxe":206,"minecraft:oak_planks":11,"minecraft:wooden_pickaxe":24,"minecraft:glow_berries":7,"minecraft:vine":34,"minecraft:crafting_table":7,"minecraft:cod":6,"minecraft:oak_log":16,"waystones:waystone":7,"minecraft:bread":15,"minecraft:iron_pickaxe":53,"tombstone:magic_scroll":4,"minecraft:flowering_azalea_leaves":41,"minecraft:stone_axe":19,"minecraft:wooden_sword":13,"minecraft:cobblestone":19,"minecraft:azalea_leaves":10,"minecraft:white_stained_glass":1,"minecraft:bucket":7,"alexsmobs:animal_dictionary":1},"minecraft:broken":{"minecraft:stone_pickaxe":1,"minecraft:shield":1},"minecraft:mined":{"minecraft:mossy_cobblestone":1,"minecraft:cave_vines_plant":2,"biomesoplenty:bush":3,"minecraft:spruce_fence":1,"minecraft:spawner":1,"minecraft:hay_block":20,"minecraft:raw_iron_block":1,"minecraft:furnace":2,"minecraft:iron_ore":13,"minecraft:fire":1,"minecraft:bookshelf":3,"minecraft:cave_vines":5,"minecraft:deepslate_iron_ore":14,"minecraft:iron_bars":3,"minecraft:stone":146,"minecraft:white_wool":3,"minecraft:scaffolding":1,"minecraft:brown_carpet":1,"minecraft:crafting_table":1,"minecraft:tall_grass":3,"minecraft:cobblestone":4,"minecraft:sugar_cane":13,"minecraft:diorite":14,"minecraft:birch_log":2,"minecraft:wheat":20,"minecraft:birch_leaves":1,"minecraft:grass":6,"minecraft:oak_log":17,"minecraft:coal_ore":28,"minecraft:zombie_head":1,"minecraft:dirt":13,"minecraft:stone_bricks":9,"minecraft:mossy_stone_bricks":3,"minecraft:oak_leaves":3,"minecraft:deepslate":9},"minecraft:killed":{"minecraft:spider":1,"minecraft:phantom":1,"minecraft:skeleton":7,"minecraft:zombie_villager":1,"minecraft:iron_golem":1,"minecraft:creeper":1,"minecraft:zombie":6,"minecraft:wither_skeleton":3},"minecraft:picked_up":{"minecraft:crafting_table":1,"minecraft:wheat":24,"minecraft:flower_pot":1,"minecraft:wooden_pickaxe":1,"minecraft:enchanted_book":1,"minecraft:diamond_horse_armor":1,"minecraft:string":5,"minecraft:netherite_scrap":15,"minecraft:item_frame":1,"minecraft:zombie_head":1,"minecraft:cobbled_deepslate":12,"minecraft:cyan_wool":8,"minecraft:poppy":2,"minecraft:sugar_cane":27,"minecraft:furnace":2,"minecraft:golden_helmet":1,"minecraft:raw_iron":34,"minecraft:oak_door":1,"minecraft:spruce_fence":1,"tombstone:grave_dust":7,"minecraft:diorite":28,"minecraft:brown_carpet":1,"minecraft:arrow":6,"minecraft:rotten_flesh":8,"minecraft:hay_block":20,"minecraft:glow_berries":9,"minecraft:iron_bars":4,"minecraft:cobblestone":149,"minecraft:white_wool":3,"minecraft:birch_log":4,"minecraft:golden_leggings":1,"minecraft:birch_planks":23,"minecraft:oak_log":21,"minecraft:dirt":13,"minecraft:bone":14,"minecraft:stone_bricks":10,"minecraft:bow":1,"minecraft:wheat_seeds":95,"minecraft:iron_ingot":7,"minecraft:bamboo":1,"minecraft:oak_planks":1,"minecraft:stone_hoe":1,"minecraft:book":9,"minecraft:scaffolding":1,"minecraft:raw_iron_block":1,"minecraft:spider_eye":2,"minecraft:oak_wood":3,"minecraft:bundle":1,"alexsmobs:raw_catfish":4,"waystones:waystone":1,"minecraft:chainmail_leggings":1,"tombstone:magic_scroll":1,"minecraft:coal":27}},"DataVersion":3465}