{"stats":{"minecraft:picked_up":{"minecraft:rotten_flesh":1,"minecraft:wheat_seeds":1,"minecraft:spruce_sapling":1},"minecraft:used":{"minecraft:rotten_flesh":1,"minecraft:spruce_sapling":1},"minecraft:killed_by":{"minecraft:zombie":1},"minecraft:custom":{"minecraft:time_since_rest":175,"minecraft:crouch_one_cm":138,"minecraft:play_time":2407,"minecraft:sprint_one_cm":6511,"minecraft:deaths":1,"minecraft:damage_taken":285,"minecraft:walk_one_cm":11109,"minecraft:sneak_time":17,"minecraft:mob_kills":1,"minecraft:drop":1,"minecraft:jump":83,"minecraft:damage_dealt":234,"minecraft:leave_game":1,"minecraft:time_since_death":0,"minecraft:total_world_time":2407,"minecraft:fly_one_cm":7702,"minecraft:fall_one_cm":418},"minecraft:killed":{"minecraft:zombie_villager":1},"minecraft:mined":{"minecraft:spruce_leaves":2,"minecraft:fern":1},"minecraft:dropped":{"minecraft:wheat_seeds":1}},"DataVersion":3465}