{"stats":{"minecraft:dropped":{"waystones:waystone":2,"alexsmobs:raw_catfish":3},"minecraft:custom":{"minecraft:time_since_rest":1,"minecraft:waystone_activated":3,"minecraft:sprint_one_cm":51242,"minecraft:damage_taken":600,"minecraft:walk_one_cm":59744,"minecraft:mob_kills":3,"minecraft:drop":5,"tombstone:raider_killed":2,"minecraft:damage_dealt":655,"minecraft:fly_one_cm":428653,"minecraft:open_chest":2,"minecraft:crouch_one_cm":1864,"minecraft:play_time":31599,"tombstone:undead_killed":3,"minecraft:deaths":1,"minecraft:sneak_time":1505,"minecraft:jump":258,"minecraft:walk_on_water_one_cm":722,"minecraft:time_since_death":505,"minecraft:total_world_time":31599,"minecraft:climb_one_cm":349,"minecraft:fall_one_cm":7447},"minecraft:used":{"minecraft:oak_log":15,"waystones:waystone":1,"minecraft:stone_brick_slab":10,"alexsmobs:large_catfish_bucket":1,"minecraft:sea_lantern":11,"minecraft:villager_spawn_egg":6,"minecraft:grass_block":2,"minecraft:flowering_azalea_leaves":41,"minecraft:stone_bricks":12,"alexsmobs:spawn_egg_catfish":1,"minecraft:wooden_sword":13,"minecraft:black_stained_glass":9,"minecraft:azalea_leaves":10,"minecraft:vine":34,"minecraft:white_stained_glass":1,"minecraft:bucket":1,"alexsmobs:animal_dictionary":1},"minecraft:mined":{"minecraft:birch_leaves":1},"minecraft:killed":{"minecraft:zombie":2,"minecraft:zombie_villager":1},"minecraft:picked_up":{"minecraft:bundle":1,"alexsmobs:raw_catfish":4,"minecraft:rotten_flesh":4,"minecraft:wheat_seeds":28,"minecraft:poppy":1}},"DataVersion":3465}