{"stats":{"minecraft:dropped":{"minecraft:wheat_seeds":1,"minecraft:rotten_flesh":6,"minecraft:dirt":39},"minecraft:crafted":{"minecraft:crafting_table":2,"minecraft:spruce_planks":28,"minecraft:wooden_pickaxe":1,"minecraft:cooked_chicken":1,"minecraft:iron_sword":1,"minecraft:furnace":1,"minecraft:stone_axe":1,"minecraft:air":0,"minecraft:shield":1,"minecraft:stick":20,"minecraft:iron_ingot":8,"minecraft:iron_pickaxe":1,"minecraft:stone_pickaxe":1,"minecraft:torch":28},"minecraft:killed":{"minecraft:pig":2,"minecraft:zombie_villager":1,"minecraft:spider":1,"minecraft:skeleton":1,"minecraft:zombie":3,"minecraft:chicken":1,"minecraft:glow_squid":1},"minecraft:used":{"minecraft:moss_carpet":2,"minecraft:flint_and_steel":41,"minecraft:stone_pickaxe":111,"minecraft:shield":19,"minecraft:wooden_pickaxe":7,"minecraft:iron_sword":21,"minecraft:stone":163,"minecraft:netherrack":37,"minecraft:rotten_flesh":4,"minecraft:spruce_leaves":17,"minecraft:torch":27,"minecraft:glow_berries":15,"minecraft:dirt":94,"minecraft:tnt":204,"minecraft:crafting_table":2,"minecraft:iron_pickaxe":75,"minecraft:spruce_sapling":2,"minecraft:stone_axe":8,"minecraft:cobblestone":74,"minecraft:sweet_berries":12,"minecraft:furnace":2,"minecraft:porkchop":1,"minecraft:podzol":1,"tombstone:gift":2},"minecraft:picked_up":{"minecraft:crafting_table":1,"minecraft:feather":3,"minecraft:chicken":1,"minecraft:glow_ink_sac":3,"minecraft:brown_mushroom":1,"minecraft:gunpowder":1,"minecraft:dirt":232,"minecraft:moss_carpet":2,"minecraft:bone":1,"minecraft:wheat_seeds":4,"minecraft:cobbled_deepslate":3,"minecraft:iron_ingot":1,"minecraft:moss_block":1,"minecraft:flowering_azalea":8,"minecraft:egg":2,"minecraft:furnace":1,"minecraft:stick":4,"minecraft:raw_iron":36,"minecraft:sweet_berries":35,"minecraft:torch":2,"minecraft:gravel":4,"minecraft:porkchop":1,"minecraft:spruce_sapling":10,"minecraft:spruce_log":20,"minecraft:arrow":1,"minecraft:rotten_flesh":12,"minecraft:granite":1,"minecraft:glow_berries":13,"minecraft:coal":58,"minecraft:cobblestone":179},"minecraft:killed_by":{"minecraft:zombie":1},"minecraft:mined":{"minecraft:flowering_azalea":8,"minecraft:crafting_table":1,"minecraft:granite":1,"minecraft:grass_block":11,"minecraft:tall_grass":1,"minecraft:cobblestone":2,"minecraft:spruce_leaves":4,"minecraft:moss_block":2,"minecraft:furnace":1,"minecraft:iron_ore":33,"minecraft:sweet_berry_bush":16,"minecraft:spruce_log":10,"minecraft:moss_carpet":1,"minecraft:grass":1,"minecraft:coal_ore":42,"minecraft:deepslate_iron_ore":3,"minecraft:dirt":18,"minecraft:stone":106,"minecraft:deepslate":1,"minecraft:fern":1},"minecraft:custom":{"minecraft:interact_with_furnace":11,"minecraft:mob_kills":12,"minecraft:interact_with_crafting_table":9,"minecraft:leave_game":7,"minecraft:time_since_death":30672,"minecraft:climb_one_cm":81,"minecraft:time_since_rest":29885,"minecraft:sprint_one_cm":158787,"minecraft:damage_taken":3258,"minecraft:walk_one_cm":175233,"minecraft:damage_blocked_by_shield":315,"minecraft:drop":22,"minecraft:damage_dealt":1284,"minecraft:swim_one_cm":9556,"minecraft:fly_one_cm":1015522,"minecraft:crouch_one_cm":18432,"minecraft:play_time":117772,"tombstone:undead_killed":4,"minecraft:deaths":9,"minecraft:sneak_time":10905,"minecraft:walk_under_water_one_cm":7334,"minecraft:jump":1345,"minecraft:walk_on_water_one_cm":10000,"minecraft:total_world_time":117772,"minecraft:fall_one_cm":71044}},"DataVersion":3465}