{"stats":{"minecraft:dropped":{"waystones:waystone":2,"alexsmobs:raw_catfish":3},"minecraft:custom":{"minecraft:waystone_activated":3,"minecraft:open_chest":2,"minecraft:time_since_rest":28798,"tombstone:undead_killed":3,"minecraft:crouch_one_cm":1369,"minecraft:play_time":28798,"minecraft:sprint_one_cm":34958,"minecraft:damage_taken":280,"minecraft:walk_one_cm":52860,"minecraft:sneak_time":1333,"minecraft:mob_kills":3,"minecraft:drop":5,"minecraft:jump":189,"tombstone:raider_killed":2,"minecraft:damage_dealt":655,"minecraft:time_since_death":28798,"minecraft:walk_on_water_one_cm":722,"minecraft:total_world_time":28798,"minecraft:climb_one_cm":349,"minecraft:fall_one_cm":4181,"minecraft:fly_one_cm":414440},"minecraft:used":{"minecraft:oak_log":15,"alexsmobs:large_catfish_bucket":1,"alexsmobs:spawn_egg_catfish":1,"minecraft:sea_lantern":11,"minecraft:wooden_sword":13,"minecraft:vine":33,"minecraft:azalea_leaves":10,"minecraft:black_stained_glass":9,"minecraft:villager_spawn_egg":6,"minecraft:grass_block":2,"minecraft:white_stained_glass":1,"minecraft:bucket":1,"alexsmobs:animal_dictionary":1,"minecraft:stone_brick_slab":10,"minecraft:flowering_azalea_leaves":41,"minecraft:stone_bricks":12,"waystones:waystone":1},"minecraft:killed":{"minecraft:zombie":2,"minecraft:zombie_villager":1},"minecraft:picked_up":{"minecraft:bundle":1,"alexsmobs:raw_catfish":4,"minecraft:rotten_flesh":4,"minecraft:wheat_seeds":28,"minecraft:poppy":1}},"DataVersion":3465}