{"stats":{"minecraft:dropped":{"minecraft:wheat_seeds":1,"minecraft:rotten_flesh":6,"minecraft:dirt":39},"minecraft:crafted":{"minecraft:crafting_table":2,"minecraft:spruce_planks":28,"minecraft:wooden_pickaxe":1,"minecraft:iron_sword":1,"minecraft:furnace":1,"minecraft:stone_axe":1,"minecraft:air":0,"minecraft:shield":1,"minecraft:stick":20,"minecraft:iron_ingot":8,"minecraft:iron_pickaxe":1,"minecraft:stone_pickaxe":1,"minecraft:torch":28},"minecraft:killed":{"minecraft:pig":2,"minecraft:zombie_villager":1,"minecraft:spider":1,"minecraft:zombie":1,"minecraft:glow_squid":1},"minecraft:used":{"minecraft:moss_carpet":2,"minecraft:flint_and_steel":41,"minecraft:stone_pickaxe":111,"minecraft:wooden_pickaxe":7,"minecraft:iron_sword":8,"minecraft:stone":163,"minecraft:netherrack":37,"minecraft:rotten_flesh":4,"minecraft:spruce_leaves":17,"minecraft:torch":21,"minecraft:glow_berries":14,"minecraft:dirt":87,"minecraft:tnt":204,"minecraft:crafting_table":2,"minecraft:iron_pickaxe":71,"minecraft:spruce_sapling":2,"minecraft:stone_axe":1,"minecraft:cobblestone":29,"minecraft:furnace":1,"minecraft:porkchop":1,"minecraft:podzol":1,"tombstone:gift":2},"minecraft:picked_up":{"minecraft:crafting_table":1,"minecraft:glow_ink_sac":3,"minecraft:brown_mushroom":1,"minecraft:gunpowder":1,"minecraft:dirt":231,"minecraft:moss_carpet":2,"minecraft:wheat_seeds":4,"minecraft:moss_block":1,"minecraft:flowering_azalea":8,"minecraft:furnace":1,"minecraft:stick":4,"minecraft:raw_iron":33,"minecraft:torch":2,"minecraft:porkchop":1,"minecraft:spruce_sapling":7,"minecraft:spruce_log":15,"minecraft:rotten_flesh":10,"minecraft:granite":1,"minecraft:glow_berries":12,"minecraft:coal":58,"minecraft:cobblestone":179},"minecraft:killed_by":{"minecraft:zombie":1},"minecraft:mined":{"minecraft:flowering_azalea":8,"minecraft:crafting_table":1,"minecraft:granite":1,"minecraft:grass_block":11,"minecraft:tall_grass":1,"minecraft:cobblestone":2,"minecraft:spruce_leaves":3,"minecraft:moss_block":2,"minecraft:furnace":1,"minecraft:iron_ore":33,"minecraft:spruce_log":5,"minecraft:moss_carpet":1,"minecraft:grass":1,"minecraft:coal_ore":42,"minecraft:dirt":17,"minecraft:stone":106,"minecraft:fern":1},"minecraft:custom":{"minecraft:interact_with_furnace":9,"minecraft:mob_kills":8,"minecraft:interact_with_crafting_table":9,"minecraft:leave_game":7,"minecraft:time_since_death":18672,"minecraft:climb_one_cm":81,"minecraft:time_since_rest":17885,"minecraft:sprint_one_cm":135678,"minecraft:damage_taken":3153,"minecraft:walk_one_cm":131863,"minecraft:drop":22,"minecraft:damage_dealt":791,"minecraft:swim_one_cm":9556,"minecraft:fly_one_cm":984212,"minecraft:crouch_one_cm":15971,"minecraft:play_time":105772,"tombstone:undead_killed":1,"minecraft:deaths":9,"minecraft:sneak_time":10010,"minecraft:walk_under_water_one_cm":5137,"minecraft:jump":1104,"minecraft:walk_on_water_one_cm":7795,"minecraft:total_world_time":105772,"minecraft:fall_one_cm":66202}},"DataVersion":3465}