{"stats":{"minecraft:custom":{"minecraft:interact_with_furnace":12,"minecraft:mob_kills":8,"tombstone:raider_killed":3,"minecraft:interact_with_crafting_table":16,"minecraft:open_barrel":2,"minecraft:leave_game":2,"minecraft:time_since_death":35606,"minecraft:climb_one_cm":1164,"minecraft:time_since_rest":34994,"minecraft:waystone_activated":7,"minecraft:sprint_one_cm":177425,"minecraft:damage_taken":1352,"minecraft:walk_one_cm":156956,"minecraft:drop":36,"minecraft:damage_dealt":3745,"minecraft:swim_one_cm":3453,"minecraft:fly_one_cm":1162020,"minecraft:open_chest":15,"minecraft:crouch_one_cm":10006,"minecraft:play_time":143692,"tombstone:undead_killed":7,"minecraft:deaths":3,"minecraft:sneak_time":7093,"minecraft:walk_under_water_one_cm":5491,"minecraft:jump":1084,"minecraft:walk_on_water_one_cm":8210,"minecraft:total_world_time":143692,"minecraft:fall_one_cm":24507},"minecraft:dropped":{"minecraft:bread":23,"alexsmobs:raw_catfish":3,"tombstone:grave_dust":8,"waystones:waystone":2},"minecraft:killed_by":{"minecraft:player":1},"minecraft:crafted":{"minecraft:oak_planks":40,"minecraft:stone_shovel":1,"minecraft:crafting_table":4,"minecraft:wooden_pickaxe":1,"minecraft:iron_sword":1,"minecraft:furnace":2,"minecraft:bucket":1,"minecraft:stone_axe":1,"minecraft:bread":64,"minecraft:air":0,"minecraft:iron_boots":1,"minecraft:stick":16,"minecraft:iron_pickaxe":1,"minecraft:iron_ingot":12,"minecraft:stone_pickaxe":2,"minecraft:stone_sword":1,"minecraft:stone_hoe":1,"minecraft:wheat":180},"minecraft:used":{"minecraft:wheat_seeds":18,"alexsmobs:large_catfish_bucket":1,"minecraft:water_bucket":1,"minecraft:netherite_sword":20,"minecraft:stone_sword":10,"minecraft:flint_and_steel":30,"minecraft:stone_shovel":12,"minecraft:stone_pickaxe":206,"minecraft:oak_planks":3,"minecraft:wooden_pickaxe":24,"minecraft:stone_hoe":25,"minecraft:oak_door":2,"alexsmobs:spawn_egg_catfish":1,"minecraft:vine":34,"minecraft:crafting_table":5,"minecraft:cod":6,"minecraft:oak_log":16,"waystones:waystone":5,"minecraft:stone_brick_slab":10,"minecraft:sea_lantern":11,"minecraft:villager_spawn_egg":6,"minecraft:grass_block":2,"minecraft:bread":3,"minecraft:iron_pickaxe":17,"tombstone:magic_scroll":4,"minecraft:flowering_azalea_leaves":41,"minecraft:stone_bricks":21,"minecraft:stone_axe":4,"minecraft:wooden_sword":13,"minecraft:brown_carpet":1,"minecraft:cobblestone":19,"minecraft:azalea_leaves":10,"minecraft:black_stained_glass":9,"minecraft:scaffolding":1,"minecraft:furnace":2,"minecraft:white_stained_glass":1,"minecraft:bucket":3,"tombstone:gift":3,"alexsmobs:animal_dictionary":1},"minecraft:mined":{"minecraft:scaffolding":1,"minecraft:brown_carpet":1,"minecraft:crafting_table":1,"biomesoplenty:bush":3,"minecraft:spruce_fence":1,"minecraft:tall_grass":3,"minecraft:cobblestone":4,"minecraft:sugar_cane":13,"minecraft:diorite":14,"minecraft:hay_block":20,"minecraft:furnace":1,"minecraft:iron_ore":13,"minecraft:wheat":19,"minecraft:fire":1,"minecraft:birch_leaves":1,"minecraft:bookshelf":3,"minecraft:grass":4,"minecraft:coal_ore":28,"minecraft:oak_log":11,"minecraft:zombie_head":1,"minecraft:dirt":12,"minecraft:stone":146,"minecraft:stone_bricks":9,"minecraft:white_wool":3,"minecraft:oak_leaves":3},"minecraft:broken":{"minecraft:stone_pickaxe":1},"minecraft:killed":{"minecraft:zombie_villager":1,"minecraft:iron_golem":1,"minecraft:phantom":1,"minecraft:zombie":2,"minecraft:wither_skeleton":3},"minecraft:picked_up":{"minecraft:wheat":23,"minecraft:crafting_table":1,"minecraft:flower_pot":1,"minecraft:golden_leggings":1,"minecraft:enchanted_book":1,"minecraft:oak_log":11,"minecraft:dirt":12,"minecraft:netherite_scrap":15,"minecraft:item_frame":1,"minecraft:bone":3,"minecraft:zombie_head":1,"minecraft:stone_bricks":9,"minecraft:wheat_seeds":91,"minecraft:iron_ingot":3,"minecraft:poppy":2,"minecraft:bamboo":1,"minecraft:sugar_cane":27,"minecraft:book":9,"minecraft:furnace":1,"minecraft:golden_helmet":1,"minecraft:scaffolding":1,"minecraft:raw_iron":13,"minecraft:oak_door":1,"minecraft:spruce_fence":1,"tombstone:grave_dust":7,"minecraft:diorite":14,"minecraft:brown_carpet":1,"minecraft:bundle":1,"alexsmobs:raw_catfish":4,"minecraft:rotten_flesh":4,"minecraft:hay_block":20,"tombstone:magic_scroll":1,"minecraft:coal":27,"minecraft:white_wool":3,"minecraft:cobblestone":149}},"DataVersion":3465}