{"stats":{"minecraft:dropped":{"minecraft:dirt":39,"minecraft:wheat_seeds":1,"minecraft:rotten_flesh":6},"minecraft:crafted":{"minecraft:shield":1,"minecraft:crafting_table":2,"minecraft:spruce_planks":28,"minecraft:stick":20,"minecraft:iron_ingot":7,"minecraft:wooden_pickaxe":1,"minecraft:iron_pickaxe":1,"minecraft:stone_pickaxe":1,"minecraft:furnace":1,"minecraft:torch":8,"minecraft:air":0},"minecraft:killed":{"minecraft:pig":2,"minecraft:zombie_villager":1,"minecraft:spider":1},"minecraft:used":{"minecraft:flint_and_steel":41,"minecraft:stone_pickaxe":111,"minecraft:iron_pickaxe":18,"minecraft:wooden_pickaxe":7,"minecraft:stone":163,"minecraft:spruce_sapling":2,"minecraft:rotten_flesh":4,"minecraft:netherrack":37,"minecraft:torch":6,"minecraft:spruce_leaves":17,"minecraft:dirt":67,"minecraft:cobblestone":29,"minecraft:crafting_table":2,"minecraft:tnt":204,"minecraft:furnace":1,"minecraft:porkchop":1,"minecraft:podzol":1,"tombstone:gift":2},"minecraft:picked_up":{"minecraft:stick":4,"minecraft:raw_iron":8,"minecraft:brown_mushroom":1,"minecraft:porkchop":1,"minecraft:gunpowder":1,"minecraft:spruce_sapling":7,"minecraft:spruce_log":15,"minecraft:dirt":231,"minecraft:rotten_flesh":10,"minecraft:wheat_seeds":4,"minecraft:granite":1,"minecraft:coal":19,"minecraft:cobblestone":172},"minecraft:killed_by":{"minecraft:zombie":1},"minecraft:mined":{"minecraft:iron_ore":8,"minecraft:spruce_log":5,"minecraft:granite":1,"minecraft:grass":1,"minecraft:grass_block":11,"minecraft:coal_ore":19,"minecraft:dirt":17,"minecraft:cobblestone":2,"minecraft:spruce_leaves":3,"minecraft:stone":102,"minecraft:fern":1},"minecraft:custom":{"minecraft:time_since_rest":5885,"minecraft:interact_with_furnace":8,"minecraft:sprint_one_cm":121687,"minecraft:damage_taken":3020,"minecraft:walk_one_cm":112910,"minecraft:mob_kills":6,"minecraft:drop":22,"minecraft:damage_dealt":476,"minecraft:interact_with_crafting_table":8,"minecraft:fly_one_cm":974763,"minecraft:crouch_one_cm":13184,"minecraft:play_time":93772,"minecraft:deaths":9,"minecraft:sneak_time":8635,"minecraft:walk_under_water_one_cm":709,"minecraft:jump":999,"minecraft:leave_game":7,"minecraft:walk_on_water_one_cm":970,"minecraft:time_since_death":6672,"minecraft:total_world_time":93772,"minecraft:fall_one_cm":62899}},"DataVersion":3465}