{"stats":{"minecraft:dropped":{"minecraft:wooden_pickaxe":1},"minecraft:crafted":{"minecraft:cooked_porkchop":15,"minecraft:crafting_table":1,"minecraft:spruce_planks":56,"minecraft:stick":12,"minecraft:wooden_pickaxe":1,"minecraft:stone_pickaxe":1,"minecraft:stone_sword":1,"minecraft:furnace":1,"minecraft:torch":12,"minecraft:stone_axe":1,"minecraft:air":0},"minecraft:killed":{"minecraft:skeleton":3,"minecraft:zombie":2,"minecraft:pig":11,"minecraft:spider":3},"minecraft:used":{"minecraft:cooked_mutton":1,"minecraft:iron_bars":4,"minecraft:stone_sword":40,"minecraft:baked_potato":3,"minecraft:stone_pickaxe":37,"minecraft:shield":4,"minecraft:spruce_planks":6,"minecraft:wooden_pickaxe":8,"minecraft:stone_axe":31,"minecraft:torch":27,"minecraft:mossy_cobblestone":1,"minecraft:cobblestone":3,"minecraft:lime_bed":1,"minecraft:crafting_table":2,"minecraft:sweet_berries":6,"minecraft:furnace":1,"minecraft:cooked_porkchop":7},"minecraft:picked_up":{"minecraft:lime_bed":1,"minecraft:crafting_table":2,"minecraft:sweet_berries":6,"minecraft:torch":2,"minecraft:porkchop":24,"minecraft:spruce_log":14,"minecraft:string":5,"minecraft:spider_eye":2,"minecraft:mossy_cobblestone":1,"minecraft:bone":6,"minecraft:arrow":2,"minecraft:rotten_flesh":2,"minecraft:bow":1,"minecraft:spruce_planks":3,"minecraft:iron_bars":8,"minecraft:coal":14,"minecraft:cobblestone":19,"minecraft:furnace":1},"minecraft:mined":{"minecraft:lime_bed":1,"minecraft:spruce_planks":3,"minecraft:furnace":1,"minecraft:mossy_cobblestone":1,"minecraft:sweet_berry_bush":4,"minecraft:spruce_log":14,"minecraft:torch":1,"minecraft:crafting_table":2,"minecraft:grass":2,"minecraft:coal_ore":8,"minecraft:iron_bars":8,"minecraft:cobblestone":1,"minecraft:spruce_leaves":1,"biomesoplenty:huge_clover_petal":2,"minecraft:stone":18,"minecraft:fern":3,"minecraft:spawner":6},"minecraft:custom":{"minecraft:time_since_rest":199,"minecraft:interact_with_furnace":14,"minecraft:sprint_one_cm":132111,"minecraft:damage_taken":778,"minecraft:walk_one_cm":63072,"minecraft:damage_blocked_by_shield":115,"minecraft:mob_kills":19,"minecraft:drop":1,"minecraft:damage_dealt":2669,"minecraft:swim_one_cm":2874,"minecraft:interact_with_crafting_table":3,"minecraft:fly_one_cm":157894,"minecraft:open_chest":19,"minecraft:crouch_one_cm":5959,"minecraft:play_time":25172,"tombstone:undead_killed":5,"minecraft:sneak_time":1335,"minecraft:walk_under_water_one_cm":112,"minecraft:jump":658,"minecraft:walk_on_water_one_cm":332,"minecraft:time_since_death":25172,"minecraft:sleep_in_bed":1,"minecraft:total_world_time":25172,"minecraft:fall_one_cm":19055}},"DataVersion":3465}