{"stats":{"minecraft:dropped":{"minecraft:wheat_seeds":29,"minecraft:wheat":2,"minecraft:wooden_pickaxe":1},"minecraft:custom":{"minecraft:time_since_rest":328,"minecraft:waystone_activated":4,"minecraft:sprint_one_cm":128429,"minecraft:damage_taken":2707,"minecraft:walk_one_cm":122451,"minecraft:mob_kills":1,"minecraft:drop":32,"minecraft:damage_dealt":405,"minecraft:swim_one_cm":5490,"minecraft:interact_with_crafting_table":1,"minecraft:fly_one_cm":122043,"minecraft:open_barrel":1,"minecraft:open_chest":14,"minecraft:crouch_one_cm":12714,"minecraft:play_time":36203,"minecraft:deaths":3,"minecraft:sneak_time":4281,"minecraft:walk_under_water_one_cm":2198,"minecraft:jump":906,"minecraft:eat_cake_slice":3,"minecraft:time_since_death":2727,"minecraft:walk_on_water_one_cm":1169,"minecraft:sleep_in_bed":2,"minecraft:climb_one_cm":424,"minecraft:total_world_time":36203,"minecraft:fall_one_cm":19617},"minecraft:crafted":{"minecraft:oak_planks":196,"minecraft:crafting_table":1,"minecraft:stick":24,"minecraft:stone_pickaxe":1,"minecraft:stone_sword":1,"minecraft:acacia_planks":8,"minecraft:torch":16,"minecraft:birch_planks":12,"minecraft:stone_axe":1,"minecraft:bread":3},"minecraft:used":{"waystones:waystone":2,"minecraft:stripped_acacia_wood":1,"minecraft:stone_sword":6,"minecraft:birch_planks":4,"minecraft:bread":3,"minecraft:stone_pickaxe":17,"minecraft:oak_planks":144,"minecraft:wooden_pickaxe":8,"minecraft:torch":9,"minecraft:stone_axe":126,"minecraft:dirt":23,"minecraft:golden_carrot":2,"minecraft:crafting_table":1,"minecraft:oak_sapling":7,"tombstone:gift":1,"minecraft:cooked_beef":4,"minecraft:dandelion":1,"minecraft:splash_potion":1},"minecraft:mined":{"minecraft:dark_oak_planks":4,"minecraft:birch_log":3,"minecraft:wheat":8,"minecraft:crafting_table":1,"minecraft:grass":4,"minecraft:grass_block":9,"minecraft:oak_log":105,"minecraft:coal_ore":4,"minecraft:dirt":13,"minecraft:stripped_acacia_wood":3,"minecraft:stone":8,"minecraft:oak_leaves":9,"minecraft:spawner":6},"minecraft:killed":{"minecraft:creeper":1},"minecraft:picked_up":{"minecraft:birch_log":3,"minecraft:stick":4,"minecraft:crafting_table":1,"minecraft:wheat":11,"minecraft:cooked_beef":4,"minecraft:dandelion":1,"minecraft:wooden_pickaxe":1,"minecraft:stripped_acacia_wood":3,"minecraft:oak_log":105,"minecraft:dirt":23,"minecraft:dark_oak_planks":4,"minecraft:apple":1,"minecraft:wheat_seeds":29,"waystones:waystone":3,"minecraft:oak_sapling":7,"minecraft:coal":4,"minecraft:cobblestone":8}},"DataVersion":3465}