{"stats":{"minecraft:dropped":{"minecraft:chainmail_helmet":1,"minecraft:coal":64,"minecraft:chainmail_chestplate":1,"minecraft:chainmail_boots":1,"minecraft:iron_leggings":1,"minecraft:golden_sword":1,"minecraft:leather_leggings":1,"minecraft:bow":2,"minecraft:wooden_pickaxe":1,"minecraft:netherrack":1},"minecraft:crafted":{"minecraft:cooked_porkchop":15,"minecraft:crafting_table":1,"minecraft:spruce_planks":56,"minecraft:wooden_pickaxe":1,"minecraft:furnace":1,"minecraft:stone_axe":1,"minecraft:air":0,"minecraft:stick":12,"minecraft:stone_pickaxe":1,"minecraft:stone_sword":1,"minecraft:torch":12},"minecraft:killed":{"minecraft:cave_spider":2,"minecraft:pig":11,"minecraft:spider":8,"minecraft:creeper":1,"creeperoverhaul:dripstone_creeper":1,"minecraft:skeleton":12,"minecraft:zombie":12,"minecraft:stray":3,"minecraft:wither_skeleton":5},"minecraft:picked_up":{"minecraft:lime_bed":2,"minecraft:crafting_table":2,"minecraft:leather_leggings":1,"minecraft:stone_brick_stairs":4,"minecraft:shield":1,"minecraft:golden_sword":1,"minecraft:gunpowder":1,"minecraft:lapis_lazuli":14,"minecraft:string":6,"minecraft:name_tag":1,"minecraft:bone":12,"minecraft:bow":4,"minecraft:spruce_planks":7,"minecraft:coal_block":5,"minecraft:mossy_stone_brick_stairs":1,"minecraft:phantom_membrane":5,"minecraft:furnace":1,"minecraft:book":24,"minecraft:sweet_berries":6,"minecraft:torch":4,"minecraft:porkchop":24,"tombstone:grave_dust":2,"minecraft:spruce_log":14,"minecraft:spider_eye":3,"minecraft:mossy_cobblestone":3,"minecraft:arrow":22,"minecraft:rotten_flesh":7,"minecraft:nether_bricks":1,"minecraft:netherrack":1,"minecraft:coal":23,"minecraft:iron_bars":14,"minecraft:cobblestone":20,"minecraft:ender_pearl":2},"minecraft:used":{"minecraft:cooked_mutton":2,"minecraft:iron_bars":12,"minecraft:stone_sword":95,"minecraft:stone_pickaxe":49,"minecraft:baked_potato":14,"minecraft:wooden_pickaxe":8,"minecraft:spruce_planks":23,"minecraft:shield":36,"minecraft:torch":121,"minecraft:mossy_cobblestone":1,"minecraft:crafting_table":2,"minecraft:lime_bed":2,"minecraft:diamond_pickaxe":229,"minecraft:iron_pickaxe":107,"minecraft:stone_brick_stairs":4,"minecraft:stone_axe":46,"minecraft:diamond_sword":88,"minecraft:cobblestone":3,"minecraft:sweet_berries":6,"minecraft:furnace":1,"minecraft:cooked_porkchop":15,"tombstone:gift":1,"minecraft:cooked_beef":2},"minecraft:mined":{"minecraft:spruce_planks":6,"minecraft:quartz_block":1,"minecraft:mossy_cobblestone":33,"minecraft:clay":13,"minecraft:crafting_table":2,"minecraft:torch":1,"minecraft:nether_bricks":2,"minecraft:granite":6,"minecraft:chest":4,"minecraft:tall_grass":1,"minecraft:coal_block":5,"minecraft:copper_ore":2,"minecraft:cobblestone":1,"minecraft:spruce_leaves":1,"biomesoplenty:huge_clover_petal":2,"minecraft:wall_torch":1,"minecraft:spawner":59,"minecraft:lime_bed":2,"minecraft:furnace":1,"minecraft:mossy_cobblestone_stairs":7,"minecraft:sweet_berry_bush":4,"minecraft:spruce_log":14,"minecraft:andesite":13,"minecraft:nether_brick_stairs":5,"minecraft:stone_brick_stairs":20,"minecraft:grass":2,"minecraft:mossy_stone_brick_stairs":17,"minecraft:bookshelf":8,"minecraft:coal_ore":8,"minecraft:vine":4,"minecraft:iron_bars":24,"minecraft:dirt":6,"minecraft:cracked_stone_bricks":28,"minecraft:stone":84,"minecraft:stone_bricks":21,"minecraft:netherrack":1,"minecraft:mossy_stone_bricks":29,"minecraft:fern":3},"minecraft:custom":{"minecraft:interact_with_furnace":14,"minecraft:mob_kills":57,"minecraft:interact_with_crafting_table":3,"minecraft:time_since_death":61172,"minecraft:sleep_in_bed":2,"minecraft:climb_one_cm":3247,"minecraft:time_since_rest":11121,"minecraft:sprint_one_cm":375655,"minecraft:damage_taken":2211,"minecraft:walk_one_cm":180986,"minecraft:damage_blocked_by_shield":935,"minecraft:drop":11,"minecraft:damage_dealt":10071,"minecraft:swim_one_cm":2874,"minecraft:fly_one_cm":194432,"minecraft:open_chest":119,"minecraft:crouch_one_cm":21728,"minecraft:play_time":61172,"tombstone:undead_killed":32,"minecraft:sneak_time":5433,"minecraft:walk_under_water_one_cm":112,"minecraft:jump":920,"minecraft:walk_on_water_one_cm":448,"minecraft:total_world_time":61172,"minecraft:fall_one_cm":20139}},"DataVersion":3465}