{"stats":{"minecraft:dropped":{"minecraft:rotten_flesh":2,"minecraft:chainmail_helmet":1,"minecraft:coal":65,"minecraft:chainmail_chestplate":1,"minecraft:chainmail_boots":1,"minecraft:iron_leggings":1,"minecraft:golden_sword":1,"minecraft:leather_leggings":1,"minecraft:bow":2,"minecraft:wooden_pickaxe":1,"minecraft:netherrack":1,"minecraft:bone":2},"minecraft:killed":{"minecraft:cave_spider":2,"minecraft:pig":11,"minecraft:spider":8,"minecraft:creeper":1,"creeperoverhaul:dripstone_creeper":2,"minecraft:skeleton":21,"minecraft:zombie":17,"minecraft:stray":5,"minecraft:wither_skeleton":8,"minecraft:enderman":1},"minecraft:crafted":{"minecraft:coal":9,"minecraft:cooked_porkchop":15,"minecraft:crafting_table":1,"minecraft:spruce_planks":56,"minecraft:wooden_pickaxe":1,"minecraft:furnace":1,"minecraft:stone_axe":1,"minecraft:air":0,"minecraft:stick":20,"minecraft:stone_pickaxe":1,"minecraft:stone_sword":1,"minecraft:torch":44},"minecraft:picked_up":{"minecraft:lime_bed":2,"minecraft:crafting_table":2,"minecraft:leather_leggings":1,"minecraft:stone_brick_stairs":4,"minecraft:shield":1,"minecraft:golden_sword":1,"minecraft:gunpowder":2,"minecraft:lapis_lazuli":14,"minecraft:string":6,"minecraft:name_tag":1,"minecraft:bone":14,"minecraft:apple":1,"minecraft:bow":4,"minecraft:spruce_planks":7,"minecraft:coal_block":15,"minecraft:mossy_stone_brick_stairs":1,"minecraft:phantom_membrane":5,"minecraft:furnace":1,"minecraft:book":30,"minecraft:sweet_berries":6,"minecraft:torch":5,"minecraft:porkchop":24,"tombstone:grave_dust":2,"minecraft:spruce_log":14,"minecraft:spider_eye":3,"minecraft:mossy_cobblestone":3,"minecraft:arrow":35,"minecraft:rotten_flesh":11,"minecraft:nether_bricks":1,"minecraft:netherrack":1,"minecraft:coal":23,"minecraft:iron_bars":14,"minecraft:cobblestone":20,"minecraft:ender_pearl":3},"minecraft:used":{"minecraft:cooked_mutton":2,"minecraft:iron_bars":12,"minecraft:stone_sword":95,"minecraft:stone_pickaxe":49,"minecraft:baked_potato":14,"minecraft:wooden_pickaxe":8,"minecraft:spruce_planks":29,"minecraft:shield":40,"minecraft:torch":149,"minecraft:golden_apple":1,"minecraft:mossy_cobblestone":1,"minecraft:crafting_table":2,"minecraft:lime_bed":2,"minecraft:diamond_pickaxe":282,"minecraft:iron_pickaxe":107,"minecraft:stone_brick_stairs":4,"minecraft:stone_axe":49,"minecraft:golden_carrot":1,"minecraft:diamond_sword":172,"minecraft:bow":3,"minecraft:cobblestone":3,"minecraft:sweet_berries":6,"minecraft:furnace":1,"minecraft:cooked_porkchop":15,"tombstone:gift":1,"minecraft:cooked_beef":6},"minecraft:mined":{"minecraft:spruce_planks":6,"minecraft:quartz_block":1,"minecraft:mossy_cobblestone":33,"minecraft:clay":13,"minecraft:crafting_table":2,"minecraft:torch":1,"minecraft:nether_bricks":16,"minecraft:granite":6,"minecraft:chest":5,"minecraft:tall_grass":1,"minecraft:coal_block":16,"minecraft:copper_ore":2,"minecraft:cobblestone":1,"minecraft:spruce_leaves":1,"biomesoplenty:huge_clover_petal":2,"minecraft:wall_torch":1,"minecraft:spawner":77,"minecraft:lime_bed":2,"minecraft:furnace":1,"minecraft:mossy_cobblestone_stairs":7,"minecraft:sweet_berry_bush":4,"minecraft:spruce_log":14,"minecraft:andesite":13,"minecraft:nether_brick_stairs":7,"minecraft:stone_brick_stairs":20,"minecraft:grass":3,"minecraft:mossy_stone_brick_stairs":17,"minecraft:bookshelf":10,"minecraft:coal_ore":8,"minecraft:vine":5,"minecraft:iron_bars":26,"minecraft:dirt":6,"minecraft:cracked_stone_bricks":28,"minecraft:stone":84,"minecraft:stone_bricks":21,"minecraft:netherrack":5,"minecraft:mossy_stone_bricks":29,"minecraft:fern":3},"minecraft:custom":{"minecraft:interact_with_furnace":14,"minecraft:mob_kills":78,"minecraft:interact_with_crafting_table":3,"minecraft:time_since_death":73172,"minecraft:sleep_in_bed":2,"minecraft:climb_one_cm":3247,"minecraft:time_since_rest":23121,"minecraft:damage_absorbed":41,"minecraft:sprint_one_cm":476734,"minecraft:damage_taken":2756,"minecraft:walk_one_cm":232772,"minecraft:damage_blocked_by_shield":1095,"minecraft:drop":15,"minecraft:damage_dealt":13981,"minecraft:swim_one_cm":2874,"minecraft:fly_one_cm":211735,"minecraft:open_chest":141,"minecraft:crouch_one_cm":22212,"minecraft:play_time":73172,"tombstone:undead_killed":51,"minecraft:sneak_time":5553,"minecraft:walk_under_water_one_cm":112,"minecraft:jump":1049,"minecraft:walk_on_water_one_cm":1362,"minecraft:total_world_time":73172,"minecraft:fall_one_cm":20743}},"DataVersion":3465}