{"stats":{"minecraft:dropped":{"minecraft:wooden_pickaxe":1},"minecraft:crafted":{"minecraft:cooked_porkchop":15,"minecraft:crafting_table":1,"minecraft:spruce_planks":24,"minecraft:stick":8,"minecraft:wooden_pickaxe":1,"minecraft:stone_pickaxe":1,"minecraft:stone_sword":1,"minecraft:furnace":1,"minecraft:stone_axe":1,"minecraft:air":0},"minecraft:killed":{"minecraft:pig":10},"minecraft:used":{"minecraft:stone_sword":2,"minecraft:stone_pickaxe":19,"minecraft:wooden_pickaxe":8,"minecraft:stone_axe":18,"minecraft:cobblestone":3,"minecraft:crafting_table":2,"minecraft:sweet_berries":6,"minecraft:furnace":1,"minecraft:cooked_porkchop":2},"minecraft:picked_up":{"minecraft:crafting_table":1,"minecraft:sweet_berries":6,"minecraft:porkchop":18,"minecraft:spruce_log":6,"minecraft:coal":8,"minecraft:cobblestone":19},"minecraft:mined":{"minecraft:sweet_berry_bush":4,"minecraft:spruce_log":6,"minecraft:crafting_table":1,"minecraft:grass":2,"minecraft:coal_ore":8,"minecraft:cobblestone":1,"minecraft:spruce_leaves":1,"biomesoplenty:huge_clover_petal":2,"minecraft:stone":18,"minecraft:fern":3},"minecraft:custom":{"minecraft:time_since_rest":13172,"minecraft:interact_with_furnace":13,"minecraft:sprint_one_cm":47003,"minecraft:damage_taken":120,"minecraft:walk_one_cm":22831,"minecraft:mob_kills":10,"minecraft:drop":1,"minecraft:damage_dealt":1089,"minecraft:interact_with_crafting_table":3,"minecraft:fly_one_cm":100469,"minecraft:crouch_one_cm":5217,"minecraft:play_time":13172,"minecraft:sneak_time":1061,"minecraft:jump":399,"minecraft:time_since_death":13172,"minecraft:total_world_time":13172,"minecraft:fall_one_cm":14010}},"DataVersion":3465}