{"stats":{"minecraft:custom":{"minecraft:mob_kills":9,"minecraft:interact_with_crafting_table":2,"minecraft:open_barrel":1,"minecraft:eat_cake_slice":7,"minecraft:leave_game":2,"minecraft:time_since_death":33793,"minecraft:sleep_in_bed":2,"minecraft:climb_one_cm":641,"minecraft:waystone_activated":5,"minecraft:time_since_rest":31394,"minecraft:sprint_one_cm":343558,"minecraft:damage_taken":5763,"minecraft:walk_one_cm":306547,"minecraft:drop":61,"minecraft:damage_dealt":1948,"minecraft:swim_one_cm":25456,"minecraft:fly_one_cm":542231,"minecraft:open_chest":22,"minecraft:crouch_one_cm":15551,"minecraft:play_time":108739,"minecraft:deaths":7,"minecraft:sneak_time":5271,"minecraft:walk_under_water_one_cm":7351,"minecraft:jump":2732,"minecraft:walk_on_water_one_cm":12636,"minecraft:total_world_time":108739,"minecraft:fall_one_cm":87050},"minecraft:dropped":{"minecraft:acacia_wood":1,"minecraft:wheat_seeds":33,"minecraft:golden_chestplate":2,"minecraft:wheat":2,"biomesoplenty:lavender":3,"minecraft:light_gray_wool":1,"minecraft:iron_helmet":1,"minecraft:saddle":2,"minecraft:item_frame":1,"minecraft:cyan_terracotta":5,"minecraft:netherite_scrap":12,"minecraft:iron_chestplate":2,"minecraft:map":1,"minecraft:wooden_pickaxe":1,"minecraft:chainmail_leggings":1,"minecraft:dandelion":4},"minecraft:crafted":{"minecraft:oak_planks":196,"minecraft:crafting_table":1,"minecraft:birch_planks":12,"minecraft:stone_axe":1,"minecraft:bread":3,"minecraft:stick":24,"minecraft:iron_ingot":9,"minecraft:stone_pickaxe":1,"minecraft:stone_sword":1,"minecraft:acacia_planks":8,"minecraft:torch":16},"minecraft:used":{"minecraft:stripped_acacia_wood":1,"minecraft:water_bucket":3,"minecraft:stone_sword":34,"minecraft:birch_planks":4,"minecraft:armor_stand":1,"minecraft:stone_pickaxe":31,"minecraft:oak_planks":165,"minecraft:wooden_pickaxe":8,"biomesoplenty:lavender":1,"minecraft:iron_chestplate":1,"minecraft:torch":9,"minecraft:dirt":28,"minecraft:mutton":1,"minecraft:crafting_table":1,"minecraft:spruce_stairs":1,"waystones:waystone":2,"minecraft:dark_oak_planks":4,"minecraft:apple":1,"minecraft:bread":3,"minecraft:iron_helmet":1,"minecraft:iron_boots":1,"minecraft:stone_axe":130,"minecraft:golden_carrot":19,"minecraft:porkchop":2,"minecraft:oak_sapling":7,"minecraft:bucket":4,"tombstone:gift":1,"minecraft:egg":1,"minecraft:cooked_beef":4,"minecraft:dandelion":1,"minecraft:splash_potion":1},"minecraft:broken":{"minecraft:stone_axe":1},"minecraft:mined":{"minecraft:dark_oak_planks":4,"minecraft:cyan_terracotta":5,"minecraft:dandelion":4,"minecraft:crafting_table":1,"biomesoplenty:bush":3,"minecraft:stone_button":1,"minecraft:blast_furnace":1,"minecraft:grass_block":13,"biomesoplenty:high_grass_plant":14,"minecraft:tall_grass":8,"minecraft:spawner":6,"minecraft:spruce_stairs":1,"minecraft:birch_log":3,"minecraft:wheat":8,"minecraft:acacia_wood":1,"biomesoplenty:lavender":4,"minecraft:grass":25,"minecraft:oak_log":105,"minecraft:coal_ore":4,"biomesoplenty:high_grass":6,"minecraft:dirt":14,"minecraft:stone":8,"minecraft:stripped_acacia_wood":3,"minecraft:polished_andesite":5,"minecraft:iron_block":1,"minecraft:oak_leaves":15},"minecraft:killed":{"minecraft:pig":1,"minecraft:spider":1,"minecraft:creeper":1,"minecraft:sheep":6},"minecraft:picked_up":{"biomesoplenty:lavender":4,"minecraft:birch_log":3,"minecraft:crafting_table":1,"minecraft:iron_chestplate":2,"minecraft:wheat":11,"minecraft:cooked_beef":4,"minecraft:wooden_pickaxe":1,"minecraft:acacia_wood":1,"minecraft:oak_log":105,"minecraft:map":1,"minecraft:dirt":28,"minecraft:armor_stand":1,"minecraft:iron_leggings":1,"minecraft:item_frame":1,"minecraft:apple":1,"minecraft:bow":1,"minecraft:wheat_seeds":33,"minecraft:light_gray_wool":1,"minecraft:egg":1,"minecraft:iron_boots":1,"minecraft:book":1,"minecraft:stick":4,"minecraft:torch":1,"minecraft:dandelion":5,"minecraft:stripped_acacia_wood":3,"minecraft:spruce_stairs":1,"minecraft:porkchop":5,"minecraft:blast_furnace":1,"minecraft:dark_oak_planks":4,"minecraft:polished_andesite":5,"waystones:waystone":4,"minecraft:chainmail_leggings":1,"minecraft:iron_helmet":2,"minecraft:iron_block":1,"minecraft:cyan_terracotta":5,"minecraft:emerald":1,"minecraft:saddle":1,"minecraft:oak_sapling":7,"minecraft:mutton":8,"minecraft:coal":5,"minecraft:white_wool":4,"minecraft:cobblestone":8,"minecraft:ender_pearl":1}},"DataVersion":3465}