{"stats":{"minecraft:dropped":{"minecraft:wheat_seeds":29,"minecraft:wheat":2,"minecraft:wooden_pickaxe":1},"minecraft:custom":{"minecraft:time_since_rest":8508,"minecraft:waystone_activated":2,"minecraft:sprint_one_cm":42639,"minecraft:damage_taken":1785,"minecraft:walk_one_cm":81013,"minecraft:drop":32,"minecraft:damage_dealt":14,"minecraft:swim_one_cm":5490,"minecraft:interact_with_crafting_table":1,"minecraft:fly_one_cm":55783,"minecraft:open_barrel":1,"minecraft:open_chest":6,"minecraft:crouch_one_cm":4025,"minecraft:play_time":17373,"minecraft:deaths":1,"minecraft:sneak_time":992,"minecraft:walk_under_water_one_cm":2198,"minecraft:jump":333,"minecraft:eat_cake_slice":3,"minecraft:time_since_death":8526,"minecraft:walk_on_water_one_cm":1076,"minecraft:sleep_in_bed":2,"minecraft:climb_one_cm":424,"minecraft:total_world_time":17373,"minecraft:fall_one_cm":10141},"minecraft:crafted":{"minecraft:crafting_table":1,"minecraft:stick":8,"minecraft:stone_pickaxe":1,"minecraft:stone_sword":1,"minecraft:birch_planks":12,"minecraft:stone_axe":1,"minecraft:bread":3},"minecraft:used":{"minecraft:stone_pickaxe":10,"minecraft:wooden_pickaxe":8,"minecraft:stone_axe":66,"minecraft:dirt":6,"minecraft:crafting_table":1,"minecraft:oak_sapling":2,"tombstone:gift":1,"minecraft:cooked_beef":4},"minecraft:mined":{"minecraft:birch_log":3,"minecraft:wheat":8,"minecraft:crafting_table":1,"minecraft:grass":3,"minecraft:oak_log":56,"minecraft:grass_block":1,"minecraft:coal_ore":4,"minecraft:dirt":4,"minecraft:stone":8,"minecraft:oak_leaves":8},"minecraft:picked_up":{"minecraft:birch_log":3,"minecraft:crafting_table":1,"minecraft:wheat":11,"minecraft:cooked_beef":4,"minecraft:wooden_pickaxe":1,"minecraft:oak_log":56,"minecraft:dirt":6,"minecraft:wheat_seeds":29,"waystones:waystone":2,"minecraft:oak_sapling":2,"minecraft:coal":4,"minecraft:cobblestone":8}},"DataVersion":3465}