{"stats":{"minecraft:custom":{"minecraft:mob_kills":6,"minecraft:interact_with_crafting_table":2,"minecraft:open_barrel":1,"minecraft:eat_cake_slice":7,"minecraft:time_since_death":9257,"minecraft:sleep_in_bed":2,"minecraft:climb_one_cm":641,"minecraft:time_since_rest":6858,"minecraft:waystone_activated":5,"minecraft:sprint_one_cm":306774,"minecraft:damage_taken":5693,"minecraft:walk_one_cm":206083,"minecraft:drop":53,"minecraft:damage_dealt":1688,"minecraft:swim_one_cm":25456,"minecraft:fly_one_cm":475896,"minecraft:open_chest":22,"minecraft:crouch_one_cm":15168,"minecraft:play_time":84203,"minecraft:deaths":7,"minecraft:sneak_time":5181,"minecraft:walk_under_water_one_cm":6935,"minecraft:jump":2320,"minecraft:walk_on_water_one_cm":7202,"minecraft:total_world_time":84203,"minecraft:fall_one_cm":79008},"minecraft:dropped":{"minecraft:acacia_wood":1,"minecraft:wheat_seeds":33,"minecraft:golden_chestplate":2,"minecraft:wheat":2,"minecraft:iron_helmet":1,"minecraft:saddle":2,"minecraft:item_frame":1,"minecraft:cyan_terracotta":5,"minecraft:netherite_scrap":12,"minecraft:iron_chestplate":2,"minecraft:map":1,"minecraft:wooden_pickaxe":1,"minecraft:chainmail_leggings":1},"minecraft:crafted":{"minecraft:oak_planks":196,"minecraft:crafting_table":1,"minecraft:birch_planks":12,"minecraft:stone_axe":1,"minecraft:bread":3,"minecraft:stick":24,"minecraft:iron_ingot":9,"minecraft:stone_pickaxe":1,"minecraft:stone_sword":1,"minecraft:acacia_planks":8,"minecraft:torch":16},"minecraft:used":{"minecraft:stripped_acacia_wood":1,"minecraft:water_bucket":3,"minecraft:stone_sword":32,"minecraft:birch_planks":4,"minecraft:armor_stand":1,"minecraft:stone_pickaxe":31,"minecraft:oak_planks":165,"minecraft:wooden_pickaxe":8,"minecraft:iron_chestplate":1,"minecraft:torch":9,"minecraft:dirt":28,"minecraft:crafting_table":1,"minecraft:spruce_stairs":1,"waystones:waystone":2,"minecraft:dark_oak_planks":4,"minecraft:apple":1,"minecraft:bread":3,"minecraft:iron_helmet":1,"minecraft:iron_boots":1,"minecraft:stone_axe":130,"minecraft:golden_carrot":17,"minecraft:oak_sapling":7,"minecraft:bucket":4,"minecraft:egg":1,"tombstone:gift":1,"minecraft:cooked_beef":4,"minecraft:dandelion":1,"minecraft:splash_potion":1},"minecraft:broken":{"minecraft:stone_axe":1},"minecraft:mined":{"minecraft:dark_oak_planks":4,"minecraft:cyan_terracotta":5,"minecraft:crafting_table":1,"minecraft:stone_button":1,"minecraft:blast_furnace":1,"minecraft:grass_block":13,"biomesoplenty:high_grass_plant":14,"minecraft:tall_grass":7,"minecraft:spawner":6,"minecraft:spruce_stairs":1,"minecraft:birch_log":3,"minecraft:wheat":8,"minecraft:acacia_wood":1,"minecraft:grass":17,"minecraft:coal_ore":4,"minecraft:oak_log":105,"biomesoplenty:high_grass":6,"minecraft:dirt":14,"minecraft:stone":8,"minecraft:stripped_acacia_wood":3,"minecraft:polished_andesite":5,"minecraft:iron_block":1,"minecraft:oak_leaves":13},"minecraft:killed":{"minecraft:spider":1,"minecraft:creeper":1,"minecraft:sheep":4},"minecraft:picked_up":{"minecraft:birch_log":3,"minecraft:iron_chestplate":2,"minecraft:crafting_table":1,"minecraft:wheat":11,"minecraft:cooked_beef":4,"minecraft:wooden_pickaxe":1,"minecraft:acacia_wood":1,"minecraft:oak_log":105,"minecraft:map":1,"minecraft:dirt":28,"minecraft:armor_stand":1,"minecraft:iron_leggings":1,"minecraft:item_frame":1,"minecraft:apple":1,"minecraft:bow":1,"minecraft:wheat_seeds":33,"minecraft:egg":1,"minecraft:iron_boots":1,"minecraft:book":1,"minecraft:stick":4,"minecraft:torch":1,"minecraft:dandelion":1,"minecraft:stripped_acacia_wood":3,"minecraft:spruce_stairs":1,"minecraft:porkchop":3,"minecraft:blast_furnace":1,"minecraft:dark_oak_planks":4,"minecraft:polished_andesite":5,"waystones:waystone":4,"minecraft:chainmail_leggings":1,"minecraft:iron_helmet":2,"minecraft:iron_block":1,"minecraft:cyan_terracotta":5,"minecraft:saddle":1,"minecraft:emerald":1,"minecraft:oak_sapling":7,"minecraft:mutton":5,"minecraft:coal":5,"minecraft:white_wool":3,"minecraft:cobblestone":8,"minecraft:ender_pearl":1}},"DataVersion":3465}