{"stats":{"minecraft:dropped":{"minecraft:chainmail_chestplate":1,"minecraft:golden_sword":1,"minecraft:leather_leggings":1,"minecraft:bow":2,"minecraft:wooden_pickaxe":1,"minecraft:netherrack":1},"minecraft:crafted":{"minecraft:cooked_porkchop":15,"minecraft:crafting_table":1,"minecraft:spruce_planks":56,"minecraft:wooden_pickaxe":1,"minecraft:furnace":1,"minecraft:stone_axe":1,"minecraft:air":0,"minecraft:stick":12,"minecraft:stone_pickaxe":1,"minecraft:stone_sword":1,"minecraft:torch":12},"minecraft:killed":{"minecraft:pig":11,"minecraft:spider":5,"creeperoverhaul:dripstone_creeper":1,"minecraft:skeleton":10,"minecraft:zombie":6},"minecraft:picked_up":{"minecraft:lime_bed":2,"minecraft:crafting_table":2,"minecraft:leather_leggings":1,"minecraft:stone_brick_stairs":4,"minecraft:shield":1,"minecraft:golden_sword":1,"minecraft:gunpowder":1,"minecraft:string":5,"minecraft:bone":12,"minecraft:bow":4,"minecraft:spruce_planks":5,"minecraft:mossy_stone_brick_stairs":1,"minecraft:furnace":1,"minecraft:book":18,"minecraft:sweet_berries":6,"minecraft:torch":2,"minecraft:porkchop":24,"minecraft:spruce_log":14,"minecraft:spider_eye":3,"minecraft:mossy_cobblestone":1,"minecraft:arrow":9,"minecraft:rotten_flesh":6,"minecraft:netherrack":1,"minecraft:coal":14,"minecraft:iron_bars":12,"minecraft:cobblestone":19},"minecraft:used":{"minecraft:cooked_mutton":2,"minecraft:iron_bars":10,"minecraft:stone_sword":95,"minecraft:stone_pickaxe":49,"minecraft:baked_potato":14,"minecraft:wooden_pickaxe":8,"minecraft:spruce_planks":8,"minecraft:shield":21,"minecraft:torch":52,"minecraft:mossy_cobblestone":1,"minecraft:crafting_table":2,"minecraft:lime_bed":2,"minecraft:iron_pickaxe":23,"minecraft:stone_brick_stairs":4,"minecraft:stone_axe":39,"minecraft:diamond_sword":5,"minecraft:cobblestone":3,"minecraft:sweet_berries":6,"minecraft:furnace":1,"minecraft:cooked_porkchop":8,"tombstone:gift":1},"minecraft:mined":{"minecraft:spruce_planks":5,"minecraft:mossy_cobblestone":1,"minecraft:crafting_table":2,"minecraft:torch":1,"minecraft:cobblestone":1,"minecraft:spruce_leaves":1,"biomesoplenty:huge_clover_petal":2,"minecraft:spawner":20,"minecraft:lime_bed":2,"minecraft:furnace":1,"minecraft:mossy_cobblestone_stairs":1,"minecraft:sweet_berry_bush":4,"minecraft:spruce_log":14,"minecraft:stone_brick_stairs":6,"minecraft:grass":2,"minecraft:mossy_stone_brick_stairs":3,"minecraft:bookshelf":6,"minecraft:coal_ore":8,"minecraft:iron_bars":12,"minecraft:cracked_stone_bricks":2,"minecraft:stone":18,"minecraft:stone_bricks":4,"minecraft:netherrack":1,"minecraft:fern":3},"minecraft:custom":{"minecraft:interact_with_furnace":14,"minecraft:mob_kills":33,"minecraft:interact_with_crafting_table":3,"minecraft:time_since_death":37172,"minecraft:sleep_in_bed":1,"minecraft:climb_one_cm":561,"minecraft:time_since_rest":12199,"minecraft:sprint_one_cm":232661,"minecraft:damage_taken":1507,"minecraft:walk_one_cm":104275,"minecraft:damage_blocked_by_shield":625,"minecraft:drop":7,"minecraft:damage_dealt":5462,"minecraft:swim_one_cm":2874,"minecraft:fly_one_cm":166195,"minecraft:open_chest":59,"minecraft:crouch_one_cm":7126,"minecraft:play_time":37172,"tombstone:undead_killed":16,"minecraft:sneak_time":1866,"minecraft:walk_under_water_one_cm":112,"minecraft:jump":747,"minecraft:walk_on_water_one_cm":332,"minecraft:total_world_time":37172,"minecraft:fall_one_cm":19324}},"DataVersion":3465}