{"stats":{"minecraft:custom":{"minecraft:mob_kills":6,"minecraft:interact_with_crafting_table":1,"minecraft:open_barrel":1,"minecraft:eat_cake_slice":3,"minecraft:time_since_death":620,"minecraft:sleep_in_bed":2,"minecraft:climb_one_cm":424,"minecraft:time_since_rest":1,"minecraft:waystone_activated":5,"minecraft:sprint_one_cm":178374,"minecraft:damage_taken":3933,"minecraft:walk_one_cm":156374,"minecraft:drop":41,"minecraft:damage_dealt":1623,"minecraft:swim_one_cm":13405,"minecraft:fly_one_cm":184400,"minecraft:open_chest":17,"minecraft:crouch_one_cm":15108,"minecraft:play_time":48203,"minecraft:deaths":5,"minecraft:sneak_time":5100,"minecraft:walk_under_water_one_cm":3789,"minecraft:jump":1303,"minecraft:walk_on_water_one_cm":4240,"minecraft:total_world_time":48203,"minecraft:fall_one_cm":31768},"minecraft:dropped":{"minecraft:acacia_wood":1,"minecraft:wheat_seeds":30,"minecraft:golden_chestplate":1,"minecraft:wheat":2,"minecraft:cyan_terracotta":5,"minecraft:netherite_scrap":12,"minecraft:wooden_pickaxe":1},"minecraft:crafted":{"minecraft:oak_planks":196,"minecraft:crafting_table":1,"minecraft:birch_planks":12,"minecraft:stone_axe":1,"minecraft:bread":3,"minecraft:stick":24,"minecraft:stone_pickaxe":1,"minecraft:stone_sword":1,"minecraft:acacia_planks":8,"minecraft:torch":16},"minecraft:used":{"minecraft:stripped_acacia_wood":1,"minecraft:stone_sword":28,"minecraft:birch_planks":4,"minecraft:stone_pickaxe":27,"minecraft:oak_planks":165,"minecraft:wooden_pickaxe":8,"minecraft:torch":9,"minecraft:dirt":28,"minecraft:crafting_table":1,"waystones:waystone":2,"minecraft:bread":3,"minecraft:stone_axe":130,"minecraft:golden_carrot":10,"minecraft:oak_sapling":7,"tombstone:gift":1,"minecraft:cooked_beef":4,"minecraft:dandelion":1,"minecraft:splash_potion":1},"minecraft:broken":{"minecraft:stone_axe":1},"minecraft:mined":{"minecraft:dark_oak_planks":4,"minecraft:cyan_terracotta":5,"minecraft:crafting_table":1,"minecraft:grass_block":13,"minecraft:spawner":6,"minecraft:birch_log":3,"minecraft:wheat":8,"minecraft:acacia_wood":1,"minecraft:grass":5,"minecraft:coal_ore":4,"minecraft:oak_log":105,"minecraft:dirt":14,"minecraft:stone":8,"minecraft:stripped_acacia_wood":3,"minecraft:polished_andesite":5,"minecraft:oak_leaves":12},"minecraft:killed":{"minecraft:spider":1,"minecraft:creeper":1,"minecraft:sheep":4},"minecraft:picked_up":{"minecraft:birch_log":3,"minecraft:crafting_table":1,"minecraft:wheat":11,"minecraft:cooked_beef":4,"minecraft:wooden_pickaxe":1,"minecraft:acacia_wood":1,"minecraft:oak_log":105,"minecraft:dirt":28,"minecraft:apple":1,"minecraft:wheat_seeds":30,"minecraft:stick":4,"minecraft:torch":1,"minecraft:dandelion":1,"minecraft:stripped_acacia_wood":3,"minecraft:porkchop":3,"minecraft:dark_oak_planks":4,"minecraft:polished_andesite":5,"waystones:waystone":3,"minecraft:cyan_terracotta":5,"minecraft:oak_sapling":7,"minecraft:mutton":5,"minecraft:coal":5,"minecraft:white_wool":3,"minecraft:cobblestone":8}},"DataVersion":3465}