{"stats":{"minecraft:dropped":{"minecraft:chainmail_chestplate":1,"minecraft:golden_sword":1,"minecraft:leather_leggings":1,"minecraft:bow":2,"minecraft:wooden_pickaxe":1,"minecraft:netherrack":1},"minecraft:crafted":{"minecraft:cooked_porkchop":15,"minecraft:crafting_table":1,"minecraft:spruce_planks":56,"minecraft:wooden_pickaxe":1,"minecraft:furnace":1,"minecraft:stone_axe":1,"minecraft:air":0,"minecraft:stick":12,"minecraft:stone_pickaxe":1,"minecraft:stone_sword":1,"minecraft:torch":12},"minecraft:killed":{"minecraft:pig":11,"minecraft:spider":7,"minecraft:creeper":1,"creeperoverhaul:dripstone_creeper":1,"minecraft:skeleton":12,"minecraft:zombie":12,"minecraft:stray":1},"minecraft:picked_up":{"minecraft:lime_bed":2,"minecraft:crafting_table":2,"minecraft:leather_leggings":1,"minecraft:stone_brick_stairs":4,"minecraft:shield":1,"minecraft:golden_sword":1,"minecraft:gunpowder":1,"minecraft:string":5,"minecraft:name_tag":1,"minecraft:bone":12,"minecraft:bow":4,"minecraft:spruce_planks":7,"minecraft:mossy_stone_brick_stairs":1,"minecraft:phantom_membrane":5,"minecraft:furnace":1,"minecraft:book":24,"minecraft:sweet_berries":6,"minecraft:torch":2,"minecraft:porkchop":24,"tombstone:grave_dust":1,"minecraft:spruce_log":14,"minecraft:spider_eye":3,"minecraft:mossy_cobblestone":3,"minecraft:arrow":22,"minecraft:rotten_flesh":7,"minecraft:netherrack":1,"minecraft:coal":23,"minecraft:iron_bars":14,"minecraft:cobblestone":20,"minecraft:ender_pearl":2},"minecraft:used":{"minecraft:cooked_mutton":2,"minecraft:iron_bars":12,"minecraft:stone_sword":95,"minecraft:stone_pickaxe":49,"minecraft:baked_potato":14,"minecraft:wooden_pickaxe":8,"minecraft:spruce_planks":23,"minecraft:shield":32,"minecraft:torch":78,"minecraft:mossy_cobblestone":1,"minecraft:crafting_table":2,"minecraft:lime_bed":2,"minecraft:diamond_pickaxe":142,"minecraft:iron_pickaxe":107,"minecraft:stone_brick_stairs":4,"minecraft:stone_axe":45,"minecraft:diamond_sword":41,"minecraft:cobblestone":3,"minecraft:sweet_berries":6,"minecraft:furnace":1,"minecraft:cooked_porkchop":13,"tombstone:gift":1},"minecraft:mined":{"minecraft:spruce_planks":6,"minecraft:mossy_cobblestone":25,"minecraft:clay":13,"minecraft:crafting_table":2,"minecraft:torch":1,"minecraft:granite":6,"minecraft:chest":3,"minecraft:copper_ore":2,"minecraft:cobblestone":1,"minecraft:spruce_leaves":1,"biomesoplenty:huge_clover_petal":2,"minecraft:spawner":37,"minecraft:lime_bed":2,"minecraft:furnace":1,"minecraft:mossy_cobblestone_stairs":4,"minecraft:sweet_berry_bush":4,"minecraft:spruce_log":14,"minecraft:andesite":13,"minecraft:stone_brick_stairs":19,"minecraft:grass":2,"minecraft:mossy_stone_brick_stairs":12,"minecraft:bookshelf":8,"minecraft:coal_ore":8,"minecraft:iron_bars":15,"minecraft:dirt":6,"minecraft:cracked_stone_bricks":25,"minecraft:stone":78,"minecraft:stone_bricks":21,"minecraft:netherrack":1,"minecraft:mossy_stone_bricks":16,"minecraft:fern":3},"minecraft:custom":{"minecraft:interact_with_furnace":14,"minecraft:mob_kills":46,"minecraft:interact_with_crafting_table":3,"minecraft:time_since_death":49172,"minecraft:sleep_in_bed":1,"minecraft:climb_one_cm":972,"minecraft:time_since_rest":24199,"minecraft:sprint_one_cm":272224,"minecraft:damage_taken":1910,"minecraft:walk_one_cm":148376,"minecraft:damage_blocked_by_shield":835,"minecraft:drop":7,"minecraft:damage_dealt":7688,"minecraft:swim_one_cm":2874,"minecraft:fly_one_cm":176543,"minecraft:open_chest":85,"minecraft:crouch_one_cm":18966,"minecraft:play_time":49172,"tombstone:undead_killed":25,"minecraft:sneak_time":4806,"minecraft:walk_under_water_one_cm":112,"minecraft:jump":826,"minecraft:walk_on_water_one_cm":332,"minecraft:total_world_time":49172,"minecraft:fall_one_cm":19324}},"DataVersion":3465}