{"stats":{"minecraft:used":{"minecraft:iron_bars":12,"minecraft:stone_sword":95,"minecraft:spruce_planks":31,"minecraft:shield":70,"minecraft:torch":173,"minecraft:anvil":1,"minecraft:stone_brick_stairs":4,"minecraft:bow":22,"minecraft:golden_carrot":10,"minecraft:sweet_berries":6,"minecraft:furnace":1,"minecraft:cooked_cod":7,"tombstone:gift":4,"minecraft:cooked_beef":6,"minecraft:cooked_mutton":2,"minecraft:stone_pickaxe":49,"minecraft:baked_potato":14,"minecraft:wooden_pickaxe":8,"minecraft:golden_apple":1,"minecraft:mossy_cobblestone":1,"minecraft:lime_bed":3,"minecraft:crafting_table":4,"minecraft:diamond_pickaxe":406,"minecraft:apple":10,"minecraft:bread":9,"minecraft:iron_pickaxe":107,"minecraft:stone_axe":58,"minecraft:diamond_sword":408,"minecraft:coal_block":9,"minecraft:cobblestone":118,"minecraft:cooked_porkchop":15},"minecraft:picked_up":{"minecraft:crafting_table":2,"minecraft:iron_chestplate":1,"minecraft:chainmail_boots":1,"minecraft:anvil":1,"minecraft:leather_leggings":1,"minecraft:gold_block":1,"minecraft:potion":1,"minecraft:stone_brick_stairs":4,"minecraft:golden_sword":1,"minecraft:shield":1,"minecraft:string":6,"minecraft:spruce_planks":7,"minecraft:beef":3,"minecraft:coal_block":17,"minecraft:phantom_membrane":28,"minecraft:furnace":1,"minecraft:torch":5,"minecraft:porkchop":24,"tombstone:grave_dust":2,"minecraft:dark_oak_planks":6,"minecraft:rotten_flesh":18,"minecraft:arrow":36,"minecraft:nether_bricks":1,"tombstone:essence_of_undeath":1,"minecraft:mangrove_door":1,"minecraft:iron_bars":15,"minecraft:cobblestone":149,"minecraft:birch_log":1,"minecraft:lime_bed":3,"minecraft:leather":3,"minecraft:gunpowder":3,"minecraft:lapis_lazuli":14,"minecraft:name_tag":1,"minecraft:leather_boots":2,"minecraft:bone":14,"minecraft:apple":1,"minecraft:bow":4,"tombstone:bag_of_seeds":1,"minecraft:mossy_stone_brick_stairs":1,"minecraft:iron_sword":1,"minecraft:book":30,"minecraft:sweet_berries":6,"minecraft:blast_furnace":6,"minecraft:spruce_log":14,"minecraft:spider_eye":4,"minecraft:mossy_cobblestone":3,"waystones:waystone":1,"minecraft:netherrack":2,"minecraft:coal":23,"minecraft:ender_pearl":3},"minecraft:custom":{"minecraft:mob_kills":135,"minecraft:interact_with_anvil":1,"minecraft:interact_with_crafting_table":7,"minecraft:open_barrel":61,"minecraft:leave_game":3,"minecraft:time_since_death":12114,"minecraft:climb_one_cm":9865,"minecraft:sprint_one_cm":697123,"minecraft:walk_one_cm":507677,"minecraft:damage_blocked_by_shield":1875,"minecraft:drop":36,"minecraft:play_noteblock":3,"minecraft:damage_dealt_absorbed":80,"minecraft:play_time":136873,"minecraft:deaths":1,"minecraft:sneak_time":10994,"minecraft:walk_under_water_one_cm":3854,"minecraft:jump":2510,"minecraft:walk_on_water_one_cm":22234,"minecraft:total_world_time":136873,"minecraft:interact_with_furnace":14,"tombstone:raider_killed":2,"minecraft:sleep_in_bed":2,"minecraft:time_since_rest":9891,"minecraft:damage_taken":4756,"minecraft:damage_absorbed":41,"minecraft:damage_dealt":24105,"minecraft:swim_one_cm":24601,"minecraft:fly_one_cm":468260,"minecraft:open_chest":186,"minecraft:crouch_one_cm":41845,"tombstone:undead_killed":95,"minecraft:interact_with_smoker":2,"minecraft:fall_one_cm":63773},"minecraft:mined":{"minecraft:dark_oak_planks":7,"minecraft:spruce_planks":6,"minecraft:mossy_cobblestone":33,"minecraft:nether_bricks":16,"minecraft:granite":6,"minecraft:grass_block":3,"minecraft:coal_block":18,"minecraft:spruce_leaves":2,"minecraft:moss_block":3,"minecraft:spawner":85,"minecraft:large_fern":1,"minecraft:furnace":1,"minecraft:mossy_cobblestone_stairs":7,"minecraft:fire":3,"minecraft:andesite":13,"minecraft:anvil":1,"minecraft:green_stained_glass":1,"minecraft:nether_brick_stairs":7,"minecraft:gold_block":2,"minecraft:polished_deepslate":3,"minecraft:mossy_stone_brick_stairs":17,"minecraft:bookshelf":10,"minecraft:polished_deepslate_slab":3,"minecraft:vine":5,"minecraft:iron_bars":27,"minecraft:azalea_leaves":1,"minecraft:stone":149,"biomesoplenty:jacaranda_leaves":6,"minecraft:quartz_block":1,"minecraft:clay":13,"minecraft:crafting_table":2,"minecraft:torch":1,"minecraft:blast_furnace":6,"minecraft:chest":5,"minecraft:dead_bush":1,"minecraft:tall_grass":1,"minecraft:copper_ore":2,"minecraft:cobblestone":2,"minecraft:red_glazed_terracotta":1,"biomesoplenty:huge_clover_petal":2,"minecraft:lily_pad":1,"minecraft:wall_torch":1,"minecraft:lime_bed":3,"minecraft:birch_log":1,"minecraft:sweet_berry_bush":4,"minecraft:spruce_log":14,"minecraft:stone_brick_stairs":20,"minecraft:grass":9,"minecraft:oak_log":1,"minecraft:coal_ore":15,"minecraft:dirt":7,"minecraft:cracked_stone_bricks":28,"minecraft:stone_bricks":22,"minecraft:small_dripleaf":1,"minecraft:netherrack":12,"minecraft:mossy_stone_bricks":29,"minecraft:oak_leaves":8,"minecraft:fern":4},"minecraft:crafted":{"minecraft:coal":18,"minecraft:furnace":1,"minecraft:stone_pickaxe":1,"minecraft:cooked_porkchop":15,"minecraft:crafting_table":3,"minecraft:spruce_planks":56,"minecraft:wooden_pickaxe":1,"minecraft:gold_block":21,"minecraft:birch_planks":4,"minecraft:stone_axe":1,"minecraft:air":0,"minecraft:stick":24,"minecraft:iron_block":13,"minecraft:stone_sword":1,"minecraft:gold_ingot":9,"minecraft:anvil":1,"minecraft:torch":60},"minecraft:dropped":{"minecraft:enchanted_book":1,"minecraft:iron_ingot":1,"minecraft:book":35,"minecraft:chainmail_helmet":1,"minecraft:coal":65,"minecraft:emerald":8,"tombstone:grave_key":1,"minecraft:potion":1,"minecraft:iron_leggings":1,"minecraft:phantom_membrane":23,"minecraft:iron_pickaxe":1,"minecraft:bone":2,"minecraft:rotten_flesh":4,"minecraft:mangrove_door":1,"minecraft:chainmail_chestplate":1,"minecraft:gunpowder":1,"minecraft:iron_chestplate":1,"minecraft:leather_boots":2,"minecraft:chainmail_boots":2,"minecraft:golden_sword":1,"minecraft:leather_leggings":1,"minecraft:spider_eye":1,"minecraft:bow":2,"minecraft:wooden_pickaxe":1,"minecraft:beef":3,"minecraft:netherrack":2},"minecraft:killed":{"minecraft:cave_spider":2,"minecraft:spider":12,"creeperoverhaul:dripstone_creeper":2,"minecraft:skeleton":33,"minecraft:husk":5,"minecraft:pig":11,"minecraft:zombie_villager":1,"minecraft:ravager":2,"minecraft:creeper":3,"minecraft:zombie":42,"minecraft:stray":5,"minecraft:wither_skeleton":9,"minecraft:enderman":1,"minecraft:cow":3}},"DataVersion":3465}