{"stats":{"minecraft:dropped":{"minecraft:wheat_seeds":28,"minecraft:wheat":2},"minecraft:custom":{"minecraft:open_barrel":1,"minecraft:time_since_rest":4308,"minecraft:open_chest":5,"minecraft:crouch_one_cm":1072,"minecraft:play_time":5373,"minecraft:sprint_one_cm":9594,"minecraft:damage_taken":290,"minecraft:walk_one_cm":31723,"minecraft:sneak_time":158,"minecraft:drop":30,"minecraft:jump":53,"minecraft:walk_on_water_one_cm":46,"minecraft:time_since_death":5373,"minecraft:sleep_in_bed":1,"minecraft:total_world_time":5373,"minecraft:climb_one_cm":424,"minecraft:fall_one_cm":1468,"minecraft:fly_one_cm":5983},"minecraft:used":{"minecraft:cooked_beef":1},"minecraft:mined":{"minecraft:wheat":8},"minecraft:picked_up":{"minecraft:wheat":11,"minecraft:cooked_beef":4,"minecraft:wheat_seeds":28,"minecraft:wooden_pickaxe":1}},"DataVersion":3465}