{"stats":{"minecraft:dropped":{"minecraft:dirt":1,"minecraft:wheat_seeds":1,"minecraft:birch_sapling":1},"minecraft:custom":{"minecraft:time_since_rest":21742,"minecraft:waystone_activated":2,"minecraft:sprint_one_cm":59622,"minecraft:damage_taken":1312,"minecraft:walk_one_cm":80276,"minecraft:drop":3,"minecraft:damage_dealt":97,"minecraft:swim_one_cm":7912,"minecraft:interact_with_crafting_table":3,"minecraft:fly_one_cm":64746,"minecraft:open_barrel":1,"minecraft:open_chest":18,"minecraft:crouch_one_cm":1714,"minecraft:play_time":21742,"minecraft:sneak_time":494,"minecraft:walk_under_water_one_cm":3120,"minecraft:jump":363,"minecraft:walk_on_water_one_cm":2402,"minecraft:time_since_death":21742,"minecraft:climb_one_cm":300,"minecraft:total_world_time":21742,"minecraft:fall_one_cm":13593},"minecraft:crafted":{"minecraft:oak_planks":4,"minecraft:diamond_sword":1,"minecraft:iron_boots":1,"minecraft:diamond_pickaxe":1,"minecraft:shield":1,"minecraft:iron_nugget":18,"minecraft:crafting_table":1,"minecraft:stick":8,"minecraft:birch_planks":12},"minecraft:used":{"minecraft:diamond_pickaxe":10,"securitycraft:keypad_chest":1,"minecraft:bread":21,"minecraft:iron_pickaxe":21,"minecraft:item_frame":2,"minecraft:stone_axe":24,"minecraft:diamond_sword":4,"minecraft:dirt":5,"minecraft:crafting_table":1,"securitycraft:keypad_item":1,"minecraft:bucket":1,"minecraft:obsidian":1},"minecraft:mined":{"minecraft:hay_block":5,"minecraft:redstone_block":2,"minecraft:glass_pane":2,"minecraft:furnace":4,"minecraft:birch_log":3,"minecraft:birch_leaves":2,"minecraft:crafting_table":1,"minecraft:blast_furnace":1,"minecraft:grass_block":3,"minecraft:oak_log":24,"minecraft:dirt":3,"minecraft:coal_block":3,"minecraft:stone":10,"minecraft:oak_leaves":2,"minecraft:wall_torch":1},"minecraft:picked_up":{"minecraft:birch_log":3,"minecraft:crafting_table":1,"minecraft:redstone_block":2,"securitycraft:keypad_item":1,"minecraft:torch":1,"minecraft:white_dye":2,"minecraft:oak_log":25,"minecraft:blast_furnace":1,"securitycraft:keypad_chest":1,"minecraft:redstone":2,"minecraft:lapis_lazuli":2,"minecraft:dirt":6,"minecraft:item_frame":2,"minecraft:stone_axe":1,"minecraft:wheat_seeds":1,"minecraft:chainmail_leggings":1,"minecraft:hay_block":5,"minecraft:iron_ingot":2,"minecraft:gold_ingot":2,"minecraft:emerald":1,"minecraft:iron_pickaxe":2,"minecraft:coal_block":3,"minecraft:birch_sapling":1,"minecraft:cobblestone":10,"minecraft:furnace":4}},"DataVersion":3465}