{"stats":{"minecraft:dropped":{"minecraft:wheat_seeds":2,"minecraft:birch_sapling":1,"minecraft:dirt":1,"minecraft:netherite_scrap":3,"minecraft:torch":1,"minecraft:spider_eye":1,"minecraft:slime_ball":2,"minecraft:arrow":2,"minecraft:bone":4},"minecraft:custom":{"minecraft:mob_kills":18,"minecraft:interact_with_crafting_table":3,"minecraft:open_barrel":1,"minecraft:time_since_death":1414,"minecraft:climb_one_cm":300,"minecraft:time_since_rest":1100,"minecraft:waystone_activated":2,"minecraft:sprint_one_cm":108948,"minecraft:damage_absorbed":80,"minecraft:damage_taken":4216,"minecraft:walk_one_cm":143375,"minecraft:damage_blocked_by_shield":840,"minecraft:drop":11,"minecraft:damage_dealt":3027,"tombstone:cast_on_ally":0,"minecraft:swim_one_cm":7912,"minecraft:fly_one_cm":123555,"minecraft:player_kills":1,"minecraft:open_chest":24,"minecraft:deaths":1,"minecraft:crouch_one_cm":6136,"minecraft:play_time":44247,"tombstone:undead_killed":4,"minecraft:sneak_time":2376,"minecraft:walk_under_water_one_cm":12588,"minecraft:jump":829,"minecraft:walk_on_water_one_cm":9446,"minecraft:interact_with_smoker":1,"minecraft:total_world_time":44247,"minecraft:fall_one_cm":40954},"minecraft:crafted":{"minecraft:oak_planks":120,"minecraft:diamond_sword":1,"minecraft:iron_nugget":18,"minecraft:crafting_table":1,"minecraft:birch_planks":12,"minecraft:iron_boots":1,"minecraft:diamond_pickaxe":1,"minecraft:shield":1,"minecraft:stick":8},"minecraft:used":{"minecraft:water_bucket":36,"minecraft:birch_planks":2,"securitycraft:keypad_chest":1,"minecraft:oak_planks":69,"minecraft:light_gray_carpet":2,"minecraft:shield":10,"minecraft:golden_apple":2,"minecraft:dirt":5,"minecraft:crafting_table":1,"securitycraft:keypad_item":1,"minecraft:nether_bricks":2,"minecraft:white_bed":1,"minecraft:obsidian":1,"minecraft:dark_oak_planks":4,"minecraft:dark_prismarine":5,"minecraft:diamond_pickaxe":32,"minecraft:apple":9,"minecraft:string":2,"minecraft:bread":29,"minecraft:iron_pickaxe":21,"tombstone:magic_scroll":1,"minecraft:item_frame":2,"minecraft:stone_axe":49,"minecraft:light_gray_wool":1,"minecraft:diamond_sword":71,"minecraft:cobblestone":10,"minecraft:oak_sapling":2,"minecraft:bucket":37,"alexsmobs:animal_dictionary":1,"minecraft:acacia_planks":1,"minecraft:experience_bottle":1},"minecraft:mined":{"minecraft:dark_oak_planks":4,"minecraft:dark_prismarine":7,"minecraft:cut_sandstone_slab":3,"minecraft:spruce_planks":6,"minecraft:redstone_block":2,"minecraft:white_bed":1,"minecraft:glass_pane":2,"minecraft:red_stained_glass":4,"minecraft:smoker":2,"minecraft:crafting_table":1,"minecraft:nether_bricks":2,"minecraft:blast_furnace":1,"minecraft:grass_block":3,"minecraft:coal_block":3,"minecraft:oak_planks":5,"minecraft:wall_torch":1,"minecraft:spawner":2,"minecraft:hay_block":5,"minecraft:furnace":4,"minecraft:birch_log":3,"minecraft:birch_leaves":2,"minecraft:light_gray_wool":1,"minecraft:grass":1,"minecraft:oak_log":29,"minecraft:dirt":3,"minecraft:acacia_planks":1,"minecraft:stone":10,"minecraft:oak_leaves":6},"minecraft:killed":{"minecraft:spider":1,"minecraft:slime":10,"minecraft:hoglin":3,"minecraft:skeleton":2,"minecraft:wither_skeleton":2},"minecraft:picked_up":{"minecraft:birch_log":3,"minecraft:crafting_table":1,"securitycraft:keypad_item":1,"minecraft:redstone_block":2,"minecraft:smoker":2,"minecraft:oak_log":30,"securitycraft:keypad_chest":1,"minecraft:lapis_lazuli":2,"minecraft:string":2,"minecraft:dirt":6,"minecraft:item_frame":2,"minecraft:bone":5,"minecraft:acacia_planks":1,"minecraft:apple":1,"minecraft:wheat_seeds":1,"minecraft:spruce_planks":6,"minecraft:iron_ingot":2,"minecraft:light_gray_wool":1,"minecraft:iron_pickaxe":2,"minecraft:coal_block":3,"minecraft:birch_sapling":1,"minecraft:oak_planks":5,"minecraft:furnace":4,"minecraft:torch":1,"minecraft:white_dye":2,"minecraft:blast_furnace":1,"minecraft:white_bed":1,"minecraft:redstone":2,"minecraft:spider_eye":1,"minecraft:dark_oak_planks":4,"minecraft:dark_prismarine":7,"minecraft:arrow":4,"minecraft:slime_ball":10,"minecraft:stone_axe":1,"minecraft:nether_bricks":2,"waystones:waystone":4,"minecraft:chainmail_leggings":1,"minecraft:hay_block":5,"minecraft:gold_ingot":2,"minecraft:emerald":1,"tombstone:magic_scroll":1,"minecraft:oak_sapling":2,"minecraft:light_gray_carpet":2,"minecraft:cobblestone":10}},"DataVersion":3465}