{"stats":{"minecraft:dropped":{"minecraft:wheat_seeds":2,"minecraft:birch_sapling":1,"minecraft:book":1,"minecraft:coal":2,"minecraft:dirt":1,"minecraft:netherite_scrap":3,"minecraft:torch":1,"minecraft:rose_bush":2,"minecraft:golden_sword":1,"minecraft:spider_eye":1,"minecraft:slime_ball":2,"minecraft:iron_bars":4,"minecraft:arrow":2,"minecraft:string":14,"minecraft:redstone":2,"minecraft:bone":5},"minecraft:custom":{"minecraft:mob_kills":18,"minecraft:interact_with_crafting_table":3,"minecraft:open_barrel":2,"minecraft:time_since_death":13414,"minecraft:climb_one_cm":1817,"minecraft:time_since_rest":13100,"minecraft:waystone_activated":3,"minecraft:sprint_one_cm":135909,"minecraft:damage_absorbed":80,"minecraft:damage_taken":4901,"minecraft:walk_one_cm":178676,"minecraft:damage_blocked_by_shield":1335,"minecraft:drop":20,"minecraft:damage_dealt":3027,"tombstone:cast_on_ally":0,"minecraft:swim_one_cm":9576,"minecraft:fly_one_cm":184959,"minecraft:player_kills":1,"minecraft:open_chest":31,"minecraft:deaths":1,"minecraft:crouch_one_cm":7727,"minecraft:play_time":56247,"tombstone:undead_killed":4,"minecraft:sneak_time":3014,"minecraft:walk_under_water_one_cm":21194,"minecraft:jump":1101,"minecraft:walk_on_water_one_cm":12828,"minecraft:interact_with_smoker":1,"minecraft:total_world_time":56247,"minecraft:fall_one_cm":52316},"minecraft:crafted":{"minecraft:oak_planks":120,"minecraft:diamond_sword":1,"minecraft:iron_nugget":18,"minecraft:crafting_table":1,"minecraft:birch_planks":12,"minecraft:iron_boots":1,"minecraft:diamond_pickaxe":1,"minecraft:shield":1,"minecraft:stick":8},"minecraft:used":{"minecraft:water_bucket":36,"minecraft:iron_bars":4,"minecraft:birch_planks":2,"securitycraft:keypad_chest":1,"minecraft:oak_planks":69,"minecraft:light_gray_carpet":2,"minecraft:spruce_planks":7,"minecraft:shield":17,"minecraft:golden_apple":2,"minecraft:dirt":17,"minecraft:crafting_table":1,"securitycraft:keypad_item":1,"minecraft:nether_bricks":2,"minecraft:crossbow":1,"minecraft:white_bed":1,"minecraft:obsidian":1,"waystones:waystone":1,"minecraft:dark_oak_planks":4,"minecraft:dark_prismarine":5,"minecraft:diamond_pickaxe":67,"minecraft:apple":28,"minecraft:string":2,"minecraft:bread":32,"minecraft:iron_pickaxe":21,"tombstone:magic_scroll":1,"minecraft:item_frame":2,"minecraft:stone_axe":50,"minecraft:light_gray_wool":1,"minecraft:diamond_sword":88,"minecraft:cobblestone":10,"minecraft:oak_sapling":2,"minecraft:bucket":37,"minecraft:potato":10,"alexsmobs:animal_dictionary":1,"minecraft:acacia_planks":1,"minecraft:experience_bottle":1},"minecraft:mined":{"minecraft:dark_oak_planks":4,"minecraft:dark_prismarine":7,"minecraft:cut_sandstone_slab":3,"minecraft:spruce_planks":7,"minecraft:redstone_block":2,"minecraft:white_bed":1,"minecraft:glass_pane":2,"minecraft:red_stained_glass":4,"minecraft:smoker":2,"minecraft:crafting_table":1,"minecraft:nether_bricks":2,"minecraft:allium":1,"minecraft:blast_furnace":1,"minecraft:grass_block":4,"minecraft:white_stained_glass_pane":1,"minecraft:coal_block":3,"minecraft:oak_planks":5,"minecraft:wall_torch":1,"minecraft:spawner":2,"minecraft:hay_block":5,"minecraft:furnace":4,"minecraft:iron_ore":1,"minecraft:birch_log":3,"minecraft:birch_leaves":2,"minecraft:light_gray_wool":1,"minecraft:grass":1,"minecraft:oak_log":29,"minecraft:iron_bars":5,"minecraft:dirt":3,"minecraft:cobweb":17,"minecraft:stone_bricks":13,"minecraft:acacia_planks":1,"minecraft:stone":21,"minecraft:iron_block":1,"minecraft:oak_leaves":6},"minecraft:killed":{"minecraft:spider":1,"minecraft:slime":10,"minecraft:hoglin":3,"minecraft:skeleton":2,"minecraft:wither_skeleton":2},"minecraft:picked_up":{"minecraft:birch_log":3,"minecraft:crafting_table":1,"securitycraft:keypad_item":1,"minecraft:redstone_block":2,"minecraft:smoker":2,"minecraft:oak_log":31,"securitycraft:keypad_chest":1,"minecraft:lapis_lazuli":2,"minecraft:string":30,"minecraft:dirt":18,"minecraft:item_frame":2,"minecraft:bone":5,"minecraft:acacia_planks":1,"minecraft:apple":1,"minecraft:wheat_seeds":1,"minecraft:spruce_planks":7,"minecraft:iron_ingot":2,"minecraft:rose_bush":2,"minecraft:light_gray_wool":1,"minecraft:iron_pickaxe":2,"minecraft:coal_block":3,"minecraft:birch_sapling":1,"minecraft:oak_planks":5,"minecraft:furnace":4,"minecraft:raw_iron":1,"minecraft:torch":1,"minecraft:white_dye":2,"minecraft:blast_furnace":1,"minecraft:white_bed":1,"minecraft:redstone":2,"minecraft:spider_eye":1,"minecraft:dark_oak_planks":4,"minecraft:dark_prismarine":7,"minecraft:arrow":5,"minecraft:slime_ball":10,"minecraft:stone_axe":1,"minecraft:nether_bricks":2,"waystones:waystone":5,"minecraft:chainmail_leggings":1,"minecraft:hay_block":5,"minecraft:iron_block":1,"minecraft:gold_ingot":2,"minecraft:emerald":1,"tombstone:magic_scroll":1,"minecraft:oak_sapling":2,"minecraft:light_gray_carpet":2,"minecraft:iron_bars":8,"minecraft:cobblestone":21}},"DataVersion":3465}