{"stats":{"minecraft:custom":{"minecraft:mob_kills":41,"minecraft:interact_with_crafting_table":9,"minecraft:open_barrel":2,"minecraft:damage_dealt_resisted":1106,"minecraft:time_since_death":1993,"minecraft:climb_one_cm":4757,"minecraft:sprint_one_cm":284827,"minecraft:walk_one_cm":306437,"minecraft:damage_blocked_by_shield":2490,"minecraft:drop":55,"minecraft:talked_to_villager":1,"minecraft:play_time":104247,"minecraft:deaths":22,"minecraft:sneak_time":4069,"minecraft:walk_under_water_one_cm":23511,"minecraft:jump":1832,"minecraft:enchant_item":1,"minecraft:walk_on_water_one_cm":26386,"minecraft:total_world_time":104247,"minecraft:traded_with_villager":1,"minecraft:time_since_rest":1626,"minecraft:waystone_activated":4,"minecraft:damage_taken":12257,"minecraft:damage_absorbed":119,"minecraft:damage_dealt":12812,"tombstone:cast_on_ally":0,"minecraft:swim_one_cm":12301,"minecraft:fly_one_cm":347466,"minecraft:player_kills":1,"minecraft:open_chest":56,"minecraft:crouch_one_cm":10512,"tombstone:undead_killed":12,"minecraft:interact_with_smoker":1,"minecraft:fall_one_cm":64601},"minecraft:dropped":{"minecraft:iron_ingot":3,"minecraft:wheat_seeds":6,"minecraft:oak_log":1,"minecraft:book":4,"minecraft:coal":2,"minecraft:stick":2,"minecraft:diamond_horse_armor":1,"minecraft:dirt":1,"minecraft:netherite_scrap":3,"minecraft:torch":1,"minecraft:rose_bush":2,"minecraft:chainmail_leggings":6,"minecraft:string":14,"minecraft:cyan_carpet":8,"minecraft:gold_ingot":3,"minecraft:bone":7,"minecraft:redstone":2,"alexsmobs:animal_dictionary":1,"minecraft:wheat":37,"minecraft:birch_sapling":1,"minecraft:raw_iron":1,"minecraft:rotten_flesh":3,"minecraft:chainmail_chestplate":1,"minecraft:iron_chestplate":1,"minecraft:leather_boots":1,"minecraft:chainmail_boots":4,"minecraft:golden_sword":1,"minecraft:spider_eye":3,"minecraft:slime_ball":2,"minecraft:iron_bars":4,"minecraft:arrow":3},"minecraft:crafted":{"minecraft:oak_planks":120,"minecraft:coal":27,"minecraft:iron_nugget":18,"minecraft:bookshelf":1,"minecraft:iron_boots":2,"minecraft:dark_oak_planks":4,"minecraft:golden_helmet":1,"minecraft:diamond_sword":1,"minecraft:crafting_table":3,"minecraft:birch_planks":12,"minecraft:air":0,"minecraft:white_wool":3,"minecraft:iron_chestplate":1,"minecraft:diamond_pickaxe":1,"minecraft:shield":1,"minecraft:stick":36,"minecraft:iron_ingot":9,"minecraft:iron_leggings":1,"minecraft:white_bed":1,"minecraft:torch":108,"minecraft:diamond_chestplate":1},"minecraft:used":{"minecraft:oak_fence":1,"alexsmobs:large_catfish_bucket":1,"minecraft:enchanting_table":1,"minecraft:iron_bars":4,"securitycraft:keypad_chest":1,"minecraft:light_gray_carpet":2,"minecraft:spruce_planks":7,"minecraft:shield":32,"minecraft:torch":49,"minecraft:dirt":17,"securitycraft:keypad_item":1,"minecraft:nether_bricks":2,"minecraft:spruce_fence":2,"minecraft:obsidian":1,"minecraft:dark_oak_planks":4,"minecraft:bookshelf":1,"minecraft:item_frame":2,"minecraft:diamond_chestplate":1,"minecraft:light_gray_wool":1,"minecraft:golden_carrot":6,"minecraft:oak_sapling":2,"tombstone:gift":4,"minecraft:potato":10,"minecraft:acacia_planks":1,"minecraft:iron_leggings":1,"minecraft:water_bucket":42,"tombstone:scroll_of_knowledge":1,"minecraft:birch_planks":2,"minecraft:oak_planks":69,"minecraft:golden_apple":3,"minecraft:crafting_table":4,"minecraft:crossbow":6,"minecraft:white_bed":3,"tombstone:bag_of_seeds":1,"waystones:waystone":2,"minecraft:dark_prismarine":5,"minecraft:diamond_pickaxe":112,"minecraft:apple":28,"minecraft:bread":45,"minecraft:cyan_carpet":2,"minecraft:string":2,"minecraft:iron_pickaxe":21,"tombstone:magic_scroll":1,"minecraft:golden_helmet":1,"minecraft:stone_axe":63,"minecraft:diamond_sword":258,"minecraft:cobblestone":23,"minecraft:bucket":44,"alexsmobs:animal_dictionary":1,"minecraft:experience_bottle":1,"minecraft:chainmail_leggings":1},"minecraft:broken":{"minecraft:shield":1,"minecraft:iron_helmet":1},"minecraft:mined":{"minecraft:dark_oak_planks":4,"minecraft:dark_prismarine":7,"minecraft:cut_sandstone_slab":3,"minecraft:spruce_planks":7,"minecraft:white_bed":2,"minecraft:red_stained_glass":4,"minecraft:nether_bricks":2,"minecraft:allium":1,"minecraft:spruce_fence":10,"minecraft:grass_block":4,"minecraft:coal_block":3,"minecraft:spawner":29,"minecraft:hay_block":14,"minecraft:furnace":4,"minecraft:iron_ore":1,"minecraft:enchanting_table":2,"minecraft:iron_bars":5,"minecraft:stone":21,"minecraft:iron_block":1,"minecraft:redstone_block":2,"minecraft:glass_pane":2,"minecraft:smoker":2,"minecraft:oak_fence":1,"minecraft:crafting_table":1,"minecraft:dark_oak_wood":1,"minecraft:blast_furnace":1,"minecraft:white_stained_glass_pane":1,"minecraft:cobblestone":3,"minecraft:tall_grass":1,"minecraft:oak_planks":5,"minecraft:wall_torch":1,"minecraft:birch_log":3,"minecraft:birch_leaves":2,"minecraft:light_gray_wool":1,"minecraft:grass":1,"minecraft:oak_log":29,"minecraft:dirt":3,"minecraft:smooth_quartz":12,"minecraft:cobweb":22,"minecraft:acacia_planks":1,"minecraft:stone_bricks":13,"minecraft:oak_leaves":6},"minecraft:killed":{"minecraft:cave_spider":8,"minecraft:spider":8,"minecraft:slime":10,"minecraft:skeleton":3,"minecraft:zombie_villager":1,"minecraft:hoglin":3,"minecraft:zombie":3,"minecraft:wither_skeleton":5},"minecraft:picked_up":{"minecraft:iron_chestplate":1,"minecraft:crafting_table":1,"minecraft:wheat":37,"minecraft:chainmail_boots":2,"securitycraft:keypad_item":1,"minecraft:redstone_block":2,"minecraft:diamond_sword":1,"minecraft:diamond_horse_armor":2,"minecraft:string":51,"minecraft:item_frame":2,"minecraft:cyan_carpet":22,"minecraft:spruce_planks":7,"minecraft:rose_bush":2,"minecraft:iron_pickaxe":2,"minecraft:smooth_quartz":11,"minecraft:light_gray_wool":1,"minecraft:coal_block":3,"minecraft:birch_sapling":1,"minecraft:iron_boots":1,"minecraft:furnace":4,"minecraft:stick":2,"minecraft:raw_iron":1,"minecraft:oak_fence":1,"minecraft:torch":2,"minecraft:spruce_fence":10,"minecraft:white_dye":2,"minecraft:redstone":2,"minecraft:dark_oak_planks":4,"minecraft:arrow":10,"minecraft:rotten_flesh":3,"minecraft:nether_bricks":2,"minecraft:hay_block":14,"minecraft:iron_block":1,"minecraft:gold_ingot":4,"minecraft:iron_bars":8,"minecraft:cobblestone":24,"minecraft:birch_log":3,"minecraft:enchanting_table":2,"minecraft:smoker":2,"minecraft:oak_log":31,"securitycraft:keypad_chest":1,"minecraft:lapis_lazuli":2,"minecraft:dirt":18,"tombstone:gift":2,"minecraft:leather_boots":2,"minecraft:bone":13,"minecraft:acacia_planks":1,"minecraft:apple":1,"minecraft:wheat_seeds":4,"minecraft:iron_ingot":2,"minecraft:oak_planks":6,"minecraft:book":3,"minecraft:blast_furnace":1,"minecraft:white_bed":2,"alexsmobs:animal_dictionary":1,"minecraft:spider_eye":6,"minecraft:mossy_cobblestone":3,"minecraft:dark_prismarine":7,"minecraft:slime_ball":10,"minecraft:stone_axe":1,"waystones:waystone":5,"minecraft:chainmail_leggings":4,"minecraft:iron_helmet":1,"minecraft:emerald":1,"tombstone:magic_scroll":1,"minecraft:oak_sapling":2,"minecraft:light_gray_carpet":2,"minecraft:dark_oak_wood":1,"minecraft:coal":1}},"DataVersion":3465}