{"stats":{"minecraft:dropped":{"minecraft:wheat_seeds":2,"minecraft:birch_sapling":1,"minecraft:dirt":1,"minecraft:torch":1},"minecraft:custom":{"minecraft:mob_kills":5,"minecraft:interact_with_crafting_table":3,"minecraft:open_barrel":1,"minecraft:time_since_death":32247,"minecraft:climb_one_cm":300,"minecraft:time_since_rest":32247,"minecraft:waystone_activated":2,"minecraft:sprint_one_cm":78160,"minecraft:damage_taken":1789,"minecraft:walk_one_cm":109357,"minecraft:damage_blocked_by_shield":45,"minecraft:drop":5,"minecraft:damage_dealt":774,"minecraft:swim_one_cm":7912,"minecraft:fly_one_cm":89040,"minecraft:player_kills":1,"minecraft:open_chest":20,"minecraft:crouch_one_cm":3170,"minecraft:play_time":32247,"tombstone:undead_killed":2,"minecraft:sneak_time":1349,"minecraft:walk_under_water_one_cm":11269,"minecraft:jump":643,"minecraft:walk_on_water_one_cm":6156,"minecraft:interact_with_smoker":1,"minecraft:total_world_time":32247,"minecraft:fall_one_cm":20936},"minecraft:crafted":{"minecraft:oak_planks":120,"minecraft:diamond_sword":1,"minecraft:iron_nugget":18,"minecraft:crafting_table":1,"minecraft:birch_planks":12,"minecraft:iron_boots":1,"minecraft:diamond_pickaxe":1,"minecraft:shield":1,"minecraft:stick":8},"minecraft:used":{"minecraft:water_bucket":31,"minecraft:birch_planks":2,"securitycraft:keypad_chest":1,"minecraft:oak_planks":47,"minecraft:light_gray_carpet":2,"minecraft:shield":1,"minecraft:dirt":5,"minecraft:crafting_table":1,"securitycraft:keypad_item":1,"minecraft:white_bed":1,"minecraft:obsidian":1,"minecraft:dark_prismarine":1,"minecraft:diamond_pickaxe":17,"minecraft:bread":29,"minecraft:iron_pickaxe":21,"minecraft:item_frame":2,"minecraft:stone_axe":36,"minecraft:diamond_sword":29,"minecraft:cobblestone":9,"minecraft:oak_sapling":2,"minecraft:bucket":32,"minecraft:acacia_planks":1},"minecraft:mined":{"minecraft:dark_prismarine":3,"minecraft:redstone_block":2,"minecraft:white_bed":1,"minecraft:glass_pane":2,"minecraft:smoker":2,"minecraft:crafting_table":1,"minecraft:blast_furnace":1,"minecraft:grass_block":3,"minecraft:coal_block":3,"minecraft:oak_planks":1,"minecraft:wall_torch":1,"minecraft:spawner":1,"minecraft:hay_block":5,"minecraft:furnace":4,"minecraft:birch_log":3,"minecraft:birch_leaves":2,"minecraft:grass":1,"minecraft:oak_log":29,"minecraft:dirt":3,"minecraft:acacia_planks":1,"minecraft:stone":10,"minecraft:oak_leaves":6},"minecraft:killed":{"minecraft:slime":3,"minecraft:skeleton":1,"minecraft:wither_skeleton":1},"minecraft:picked_up":{"minecraft:birch_log":3,"minecraft:crafting_table":1,"securitycraft:keypad_item":1,"minecraft:redstone_block":2,"minecraft:smoker":2,"minecraft:oak_log":30,"securitycraft:keypad_chest":1,"minecraft:lapis_lazuli":2,"minecraft:dirt":6,"minecraft:item_frame":2,"minecraft:acacia_planks":1,"minecraft:apple":1,"minecraft:wheat_seeds":1,"minecraft:iron_ingot":2,"minecraft:iron_pickaxe":2,"minecraft:coal_block":3,"minecraft:birch_sapling":1,"minecraft:oak_planks":1,"minecraft:furnace":4,"minecraft:torch":1,"minecraft:white_dye":2,"minecraft:blast_furnace":1,"minecraft:white_bed":1,"minecraft:redstone":2,"minecraft:dark_prismarine":3,"minecraft:slime_ball":2,"minecraft:stone_axe":1,"waystones:waystone":1,"minecraft:chainmail_leggings":1,"minecraft:hay_block":5,"minecraft:gold_ingot":2,"minecraft:emerald":1,"minecraft:oak_sapling":2,"minecraft:light_gray_carpet":2,"minecraft:cobblestone":10}},"DataVersion":3465}