{"stats":{"minecraft:picked_up":{"minecraft:crafting_table":1,"minecraft:iron_chestplate":2,"minecraft:wheat":37,"minecraft:redstone_block":2,"securitycraft:keypad_item":1,"minecraft:chainmail_boots":2,"minecraft:diamond_sword":2,"minecraft:oak_stairs":8,"minecraft:diamond_horse_armor":2,"minecraft:string":75,"minecraft:item_frame":2,"minecraft:cyan_carpet":33,"minecraft:spruce_planks":15,"minecraft:rose_bush":2,"minecraft:smooth_quartz":26,"minecraft:iron_pickaxe":3,"minecraft:light_gray_wool":1,"minecraft:coal_block":3,"minecraft:birch_sapling":1,"minecraft:furnace":4,"minecraft:iron_boots":1,"minecraft:stick":2,"minecraft:raw_iron":1,"minecraft:oak_fence":1,"minecraft:torch":3,"minecraft:spruce_stairs":8,"minecraft:spruce_fence":23,"minecraft:white_dye":2,"minecraft:redstone":2,"minecraft:dark_oak_planks":12,"minecraft:arrow":13,"minecraft:rotten_flesh":13,"minecraft:diamond_chestplate":1,"minecraft:nether_bricks":2,"minecraft:hay_block":14,"minecraft:iron_block":8,"minecraft:gold_ingot":4,"minecraft:iron_bars":8,"minecraft:cobblestone":24,"minecraft:birch_log":3,"minecraft:enchanting_table":3,"minecraft:golden_carrot":52,"minecraft:smoker":2,"minecraft:oak_log":31,"securitycraft:keypad_chest":1,"minecraft:wither_skeleton_skull":2,"minecraft:lapis_lazuli":2,"minecraft:dirt":18,"tombstone:gift":2,"minecraft:leather_boots":2,"minecraft:bone":20,"minecraft:acacia_planks":1,"minecraft:apple":1,"minecraft:wheat_seeds":4,"minecraft:iron_ingot":2,"minecraft:oak_planks":6,"minecraft:dark_oak_stairs":1,"minecraft:book":4,"minecraft:blast_furnace":1,"minecraft:white_bed":3,"minecraft:spider_eye":7,"alexsmobs:animal_dictionary":1,"minecraft:mossy_cobblestone":3,"minecraft:dark_prismarine":7,"minecraft:slime_ball":10,"minecraft:stone_axe":1,"waystones:waystone":5,"minecraft:chainmail_leggings":4,"minecraft:iron_helmet":1,"minecraft:emerald":16,"tombstone:magic_scroll":1,"minecraft:oak_sapling":2,"minecraft:light_gray_carpet":2,"minecraft:dark_oak_wood":3,"minecraft:coal":1},"minecraft:used":{"minecraft:oak_fence":1,"alexsmobs:large_catfish_bucket":1,"minecraft:iron_bars":4,"minecraft:enchanting_table":1,"securitycraft:keypad_chest":1,"minecraft:light_gray_carpet":2,"minecraft:spruce_planks":11,"minecraft:shield":32,"minecraft:torch":126,"minecraft:dirt":17,"securitycraft:keypad_item":1,"minecraft:nether_bricks":2,"minecraft:spruce_fence":5,"minecraft:obsidian":1,"minecraft:dark_oak_planks":4,"minecraft:bookshelf":1,"minecraft:smooth_quartz":3,"minecraft:item_frame":2,"minecraft:diamond_chestplate":1,"minecraft:light_gray_wool":1,"minecraft:golden_carrot":15,"minecraft:oak_sapling":2,"tombstone:gift":6,"minecraft:potato":10,"minecraft:acacia_planks":1,"minecraft:enchanted_golden_apple":1,"minecraft:iron_leggings":1,"minecraft:water_bucket":42,"tombstone:scroll_of_knowledge":1,"minecraft:birch_planks":2,"minecraft:oak_planks":71,"minecraft:chainmail_helmet":1,"minecraft:golden_apple":9,"minecraft:crafting_table":7,"minecraft:crossbow":6,"minecraft:white_bed":4,"tombstone:bag_of_seeds":1,"waystones:waystone":2,"minecraft:dark_prismarine":5,"minecraft:diamond_pickaxe":165,"minecraft:apple":28,"minecraft:iron_pickaxe":21,"minecraft:bread":48,"minecraft:cyan_carpet":4,"minecraft:string":2,"tombstone:magic_scroll":1,"tombstone:grave_key":1,"minecraft:golden_helmet":1,"minecraft:stone_axe":75,"minecraft:diamond_sword":417,"minecraft:cobblestone":23,"minecraft:bucket":44,"alexsmobs:animal_dictionary":1,"minecraft:experience_bottle":1,"minecraft:chainmail_leggings":1},"minecraft:killed":{"minecraft:cave_spider":13,"minecraft:spider":15,"minecraft:slime":10,"minecraft:skeleton":9,"minecraft:zombie_villager":1,"minecraft:hoglin":3,"minecraft:zombie":8,"minecraft:wither_skeleton":10},"minecraft:custom":{"minecraft:mob_kills":72,"minecraft:interact_with_crafting_table":16,"minecraft:open_barrel":2,"minecraft:damage_dealt_resisted":1975,"minecraft:time_since_death":1044,"minecraft:climb_one_cm":11486,"minecraft:damage_resisted":133,"minecraft:sprint_one_cm":514479,"minecraft:walk_one_cm":434369,"minecraft:damage_blocked_by_shield":2490,"minecraft:drop":107,"minecraft:talked_to_villager":1,"minecraft:play_time":148870,"minecraft:deaths":43,"minecraft:sneak_time":5780,"minecraft:walk_under_water_one_cm":23511,"minecraft:jump":2518,"minecraft:enchant_item":1,"minecraft:walk_on_water_one_cm":26386,"minecraft:total_world_time":148870,"minecraft:traded_with_villager":1,"minecraft:time_since_rest":1,"minecraft:waystone_activated":4,"minecraft:damage_taken":20131,"minecraft:damage_absorbed":518,"minecraft:damage_dealt":21881,"tombstone:cast_on_ally":0,"minecraft:player_kills":1,"minecraft:swim_one_cm":12301,"minecraft:fly_one_cm":518223,"minecraft:open_chest":102,"minecraft:crouch_one_cm":14250,"tombstone:undead_killed":28,"minecraft:interact_with_smoker":1,"minecraft:fall_one_cm":68067},"minecraft:crafted":{"minecraft:oak_planks":120,"minecraft:coal":27,"minecraft:iron_nugget":18,"minecraft:bookshelf":1,"minecraft:iron_boots":2,"minecraft:dark_oak_planks":12,"minecraft:golden_helmet":1,"minecraft:diamond_sword":1,"minecraft:crafting_table":6,"minecraft:gold_block":11,"minecraft:birch_planks":12,"minecraft:air":0,"minecraft:white_wool":3,"minecraft:iron_chestplate":1,"minecraft:diamond_pickaxe":1,"minecraft:emerald_block":32,"minecraft:shield":1,"minecraft:stick":36,"minecraft:iron_ingot":9,"minecraft:iron_block":7,"minecraft:iron_leggings":1,"minecraft:white_bed":1,"minecraft:torch":108,"minecraft:diamond_chestplate":1},"minecraft:broken":{"minecraft:golden_helmet":2,"minecraft:iron_boots":1,"minecraft:iron_leggings":1,"minecraft:shield":1,"minecraft:iron_helmet":1},"minecraft:dropped":{"minecraft:iron_ingot":4,"minecraft:dark_oak_stairs":1,"minecraft:wheat_seeds":6,"minecraft:oak_log":1,"minecraft:book":4,"minecraft:spruce_stairs":8,"minecraft:coal":3,"minecraft:emerald":11,"minecraft:stick":2,"minecraft:diamond_horse_armor":1,"minecraft:dirt":1,"minecraft:netherite_scrap":3,"minecraft:torch":1,"minecraft:rose_bush":2,"minecraft:oak_stairs":8,"minecraft:iron_pickaxe":2,"minecraft:chainmail_leggings":6,"minecraft:string":34,"minecraft:dark_oak_planks":8,"minecraft:cyan_carpet":13,"minecraft:gold_ingot":3,"minecraft:bone":18,"minecraft:redstone":2,"alexsmobs:animal_dictionary":1,"minecraft:birch_sapling":1,"minecraft:wheat":37,"minecraft:raw_iron":1,"minecraft:rotten_flesh":17,"minecraft:wither_skeleton_skull":1,"minecraft:spruce_fence":10,"minecraft:chainmail_chestplate":1,"minecraft:spruce_planks":4,"minecraft:iron_chestplate":1,"minecraft:leather_boots":1,"minecraft:chainmail_boots":4,"minecraft:golden_sword":1,"minecraft:spider_eye":4,"minecraft:slime_ball":2,"minecraft:iron_bars":4,"minecraft:arrow":5},"minecraft:mined":{"minecraft:dark_oak_planks":4,"minecraft:dark_prismarine":7,"minecraft:cut_sandstone_slab":3,"minecraft:spruce_planks":7,"minecraft:white_bed":3,"minecraft:red_stained_glass":4,"minecraft:nether_bricks":2,"minecraft:allium":1,"minecraft:grass_block":4,"minecraft:spruce_fence":19,"minecraft:coal_block":3,"minecraft:spawner":65,"minecraft:hay_block":14,"minecraft:furnace":4,"minecraft:iron_ore":1,"minecraft:enchanting_table":3,"minecraft:iron_bars":5,"minecraft:stone":21,"minecraft:iron_block":1,"minecraft:redstone_block":2,"minecraft:glass_pane":2,"minecraft:smoker":2,"minecraft:oak_fence":1,"minecraft:crafting_table":1,"minecraft:dark_oak_wood":3,"minecraft:blast_furnace":1,"minecraft:white_stained_glass_pane":1,"minecraft:tall_grass":1,"minecraft:cobblestone":3,"minecraft:oak_planks":5,"minecraft:wall_torch":1,"minecraft:birch_log":3,"minecraft:birch_leaves":2,"minecraft:light_gray_wool":1,"minecraft:grass":1,"minecraft:oak_log":29,"minecraft:cyan_carpet":1,"minecraft:dirt":3,"minecraft:smooth_quartz":25,"minecraft:cobweb":23,"minecraft:acacia_planks":1,"minecraft:stone_bricks":13,"minecraft:oak_leaves":6}},"DataVersion":3465}