{"stats":{"minecraft:used":{"minecraft:dirt":1,"minecraft:cobblestone":12,"tombstone:gift":2},"minecraft:picked_up":{"minecraft:spruce_log":4,"minecraft:flowering_azalea":1,"minecraft:coal":6,"minecraft:dirt":16,"minecraft:cobblestone":50},"minecraft:custom":{"minecraft:time_since_rest":105,"minecraft:crouch_one_cm":101,"minecraft:sprint_one_cm":24329,"minecraft:play_time":7911,"minecraft:deaths":3,"minecraft:damage_taken":1330,"minecraft:walk_one_cm":26088,"minecraft:sneak_time":237,"minecraft:walk_under_water_one_cm":252,"minecraft:drop":2,"minecraft:jump":321,"minecraft:leave_game":1,"minecraft:walk_on_water_one_cm":993,"minecraft:time_since_death":1890,"minecraft:total_world_time":7911,"minecraft:fall_one_cm":19393,"minecraft:fly_one_cm":56267},"minecraft:mined":{"minecraft:large_fern":5,"minecraft:grass":1,"minecraft:flowering_azalea":2,"minecraft:tall_grass":1,"minecraft:spruce_log":4,"minecraft:spruce_leaves":2},"minecraft:killed_by":{"minecraft:player":2},"minecraft:dropped":{"tombstone:grave_dust":1,"tombstone:grave_key":1}},"DataVersion":3465}