{"stats":{"minecraft:custom":{"minecraft:mob_kills":22,"minecraft:interact_with_crafting_table":4,"minecraft:open_barrel":2,"minecraft:time_since_death":25414,"minecraft:climb_one_cm":1817,"minecraft:sprint_one_cm":156954,"minecraft:walk_one_cm":198452,"minecraft:damage_blocked_by_shield":1755,"minecraft:drop":27,"minecraft:talked_to_villager":1,"minecraft:play_time":68247,"minecraft:deaths":1,"minecraft:sneak_time":3096,"minecraft:walk_under_water_one_cm":21605,"minecraft:jump":1296,"minecraft:walk_on_water_one_cm":17076,"minecraft:total_world_time":68247,"minecraft:traded_with_villager":1,"minecraft:time_since_rest":25100,"minecraft:waystone_activated":4,"minecraft:damage_taken":5179,"minecraft:damage_absorbed":80,"minecraft:damage_dealt":3496,"tombstone:cast_on_ally":0,"minecraft:swim_one_cm":12301,"minecraft:fly_one_cm":225782,"minecraft:player_kills":1,"minecraft:open_chest":34,"minecraft:crouch_one_cm":7841,"tombstone:undead_killed":8,"minecraft:interact_with_smoker":1,"minecraft:fall_one_cm":57696},"minecraft:dropped":{"minecraft:iron_ingot":1,"minecraft:wheat_seeds":2,"minecraft:oak_log":1,"minecraft:book":4,"minecraft:coal":2,"minecraft:dirt":1,"minecraft:netherite_scrap":3,"minecraft:torch":1,"minecraft:rose_bush":2,"minecraft:string":14,"minecraft:gold_ingot":2,"minecraft:bone":5,"minecraft:redstone":2,"minecraft:wheat":37,"minecraft:birch_sapling":1,"minecraft:raw_iron":1,"minecraft:rotten_flesh":3,"minecraft:golden_sword":1,"minecraft:spider_eye":1,"minecraft:slime_ball":2,"minecraft:iron_bars":4,"minecraft:arrow":2},"minecraft:crafted":{"minecraft:oak_planks":120,"minecraft:iron_nugget":18,"minecraft:bookshelf":1,"minecraft:iron_boots":1,"minecraft:diamond_sword":1,"minecraft:crafting_table":1,"minecraft:birch_planks":12,"minecraft:air":0,"minecraft:iron_chestplate":1,"minecraft:diamond_pickaxe":1,"minecraft:shield":1,"minecraft:stick":8,"minecraft:iron_ingot":9},"minecraft:used":{"minecraft:oak_fence":1,"alexsmobs:large_catfish_bucket":1,"minecraft:iron_bars":4,"securitycraft:keypad_chest":1,"minecraft:light_gray_carpet":2,"minecraft:spruce_planks":7,"minecraft:shield":19,"minecraft:dirt":17,"securitycraft:keypad_item":1,"minecraft:nether_bricks":2,"minecraft:obsidian":1,"minecraft:dark_oak_planks":4,"minecraft:bookshelf":1,"minecraft:item_frame":2,"minecraft:light_gray_wool":1,"minecraft:oak_sapling":2,"minecraft:potato":10,"minecraft:acacia_planks":1,"minecraft:water_bucket":39,"minecraft:birch_planks":2,"minecraft:oak_planks":69,"minecraft:golden_apple":2,"minecraft:crafting_table":2,"minecraft:crossbow":3,"minecraft:white_bed":1,"waystones:waystone":2,"minecraft:dark_prismarine":5,"minecraft:diamond_pickaxe":77,"minecraft:apple":28,"minecraft:bread":36,"minecraft:string":2,"minecraft:iron_pickaxe":21,"tombstone:magic_scroll":1,"minecraft:stone_axe":52,"minecraft:diamond_sword":99,"minecraft:cobblestone":19,"minecraft:bucket":41,"alexsmobs:animal_dictionary":1,"minecraft:experience_bottle":1},"minecraft:mined":{"minecraft:dark_oak_planks":4,"minecraft:dark_prismarine":7,"minecraft:cut_sandstone_slab":3,"minecraft:spruce_planks":7,"minecraft:white_bed":1,"minecraft:red_stained_glass":4,"minecraft:nether_bricks":2,"minecraft:allium":1,"minecraft:spruce_fence":1,"minecraft:grass_block":4,"minecraft:coal_block":3,"minecraft:spawner":3,"minecraft:hay_block":14,"minecraft:furnace":4,"minecraft:iron_ore":1,"minecraft:iron_bars":5,"minecraft:stone":21,"minecraft:iron_block":1,"minecraft:redstone_block":2,"minecraft:glass_pane":2,"minecraft:smoker":2,"minecraft:oak_fence":1,"minecraft:crafting_table":1,"minecraft:blast_furnace":1,"minecraft:white_stained_glass_pane":1,"minecraft:cobblestone":1,"minecraft:tall_grass":1,"minecraft:oak_planks":5,"minecraft:wall_torch":1,"minecraft:birch_log":3,"minecraft:birch_leaves":2,"minecraft:light_gray_wool":1,"minecraft:grass":1,"minecraft:oak_log":29,"minecraft:dirt":3,"minecraft:smooth_quartz":8,"minecraft:cobweb":18,"minecraft:acacia_planks":1,"minecraft:stone_bricks":13,"minecraft:oak_leaves":6},"minecraft:killed":{"minecraft:spider":1,"minecraft:slime":10,"minecraft:skeleton":2,"minecraft:zombie_villager":1,"minecraft:hoglin":3,"minecraft:zombie":3,"minecraft:wither_skeleton":2},"minecraft:picked_up":{"minecraft:crafting_table":1,"minecraft:wheat":37,"securitycraft:keypad_item":1,"minecraft:redstone_block":2,"minecraft:string":30,"minecraft:item_frame":2,"minecraft:cyan_carpet":8,"minecraft:spruce_planks":7,"minecraft:rose_bush":2,"minecraft:iron_pickaxe":2,"minecraft:smooth_quartz":8,"minecraft:light_gray_wool":1,"minecraft:coal_block":3,"minecraft:birch_sapling":1,"minecraft:furnace":4,"minecraft:raw_iron":1,"minecraft:oak_fence":1,"minecraft:torch":1,"minecraft:spruce_fence":1,"minecraft:white_dye":2,"minecraft:redstone":2,"minecraft:dark_oak_planks":4,"minecraft:arrow":5,"minecraft:rotten_flesh":3,"minecraft:nether_bricks":2,"minecraft:hay_block":14,"minecraft:iron_block":1,"minecraft:gold_ingot":2,"minecraft:iron_bars":8,"minecraft:cobblestone":22,"minecraft:birch_log":3,"minecraft:smoker":2,"minecraft:oak_log":31,"securitycraft:keypad_chest":1,"minecraft:lapis_lazuli":2,"minecraft:dirt":18,"minecraft:leather_boots":1,"minecraft:bone":5,"minecraft:acacia_planks":1,"minecraft:apple":1,"minecraft:wheat_seeds":1,"minecraft:iron_ingot":2,"minecraft:oak_planks":6,"minecraft:book":3,"minecraft:blast_furnace":1,"minecraft:white_bed":1,"minecraft:spider_eye":1,"minecraft:dark_prismarine":7,"minecraft:slime_ball":10,"minecraft:stone_axe":1,"waystones:waystone":5,"minecraft:chainmail_leggings":1,"minecraft:emerald":1,"tombstone:magic_scroll":1,"minecraft:oak_sapling":2,"minecraft:light_gray_carpet":2}},"DataVersion":3465}