{"stats":{"minecraft:dropped":{"minecraft:dirt":1,"minecraft:wheat_seeds":1},"minecraft:custom":{"minecraft:open_barrel":1,"minecraft:time_since_rest":9742,"minecraft:open_chest":13,"minecraft:crouch_one_cm":710,"minecraft:play_time":9742,"minecraft:sprint_one_cm":31368,"minecraft:damage_taken":501,"minecraft:walk_one_cm":44779,"minecraft:sneak_time":315,"minecraft:drop":2,"minecraft:jump":114,"minecraft:time_since_death":9742,"minecraft:walk_on_water_one_cm":774,"minecraft:total_world_time":9742,"minecraft:climb_one_cm":300,"minecraft:fall_one_cm":7406,"minecraft:fly_one_cm":19268},"minecraft:used":{"minecraft:item_frame":2,"minecraft:dirt":1,"securitycraft:keypad_item":1,"minecraft:bread":5,"securitycraft:keypad_chest":1,"minecraft:iron_pickaxe":8,"minecraft:obsidian":1},"minecraft:mined":{"minecraft:grass_block":1,"minecraft:blast_furnace":1,"minecraft:furnace":4,"minecraft:coal_block":3},"minecraft:picked_up":{"minecraft:item_frame":2,"securitycraft:keypad_item":1,"minecraft:wheat_seeds":1,"minecraft:chainmail_leggings":1,"minecraft:iron_ingot":2,"minecraft:white_dye":2,"minecraft:emerald":1,"minecraft:gold_ingot":2,"minecraft:blast_furnace":1,"minecraft:iron_pickaxe":2,"securitycraft:keypad_chest":1,"minecraft:redstone":2,"minecraft:coal_block":3,"minecraft:lapis_lazuli":2,"minecraft:dirt":2,"minecraft:furnace":4}},"DataVersion":3465}