{"stats":{"minecraft:mined":{"minecraft:coal_ore":21,"minecraft:spruce_log":5,"minecraft:stone":15,"minecraft:crafting_table":2},"minecraft:used":{"minecraft:stone_axe":1,"minecraft:crafting_table":2,"minecraft:stone_pickaxe":24,"minecraft:wooden_pickaxe":12},"minecraft:custom":{"minecraft:time_since_rest":3875,"minecraft:play_time":3875,"minecraft:sprint_one_cm":5674,"minecraft:damage_taken":10,"minecraft:walk_one_cm":6539,"minecraft:jump":37,"minecraft:time_since_death":3875,"minecraft:total_world_time":3875,"minecraft:fall_one_cm":1730,"minecraft:interact_with_crafting_table":3,"minecraft:fly_one_cm":8077},"minecraft:picked_up":{"minecraft:crafting_table":2,"minecraft:spruce_log":5,"minecraft:coal":21,"minecraft:cobblestone":15},"minecraft:crafted":{"minecraft:stone_axe":1,"minecraft:crafting_table":1,"minecraft:spruce_planks":12,"minecraft:stick":8,"minecraft:wooden_pickaxe":1,"minecraft:stone_pickaxe":1}},"DataVersion":3465}