{"stats":{"minecraft:dropped":{"alexsmobs:cockroach_wing_fragment":1,"tombstone:grave_dust":1},"minecraft:crafted":{"minecraft:cooked_porkchop":11,"minecraft:crafting_table":1,"minecraft:spruce_planks":56,"minecraft:iron_helmet":1,"minecraft:wooden_pickaxe":1,"minecraft:iron_sword":1,"minecraft:furnace":1,"minecraft:bucket":1,"minecraft:stone_axe":1,"minecraft:air":0,"minecraft:iron_chestplate":1,"minecraft:iron_boots":1,"minecraft:shield":1,"minecraft:iron_axe":1,"minecraft:stick":44,"minecraft:iron_ingot":35,"minecraft:stone_pickaxe":1,"minecraft:iron_leggings":1,"minecraft:torch":140},"minecraft:killed":{"minecraft:cave_spider":1,"minecraft:pig":6,"minecraft:witch":1,"minecraft:skeleton":7,"alexsmobs:cockroach":1,"minecraft:zombie":4,"alexsmobs:fly":1,"minecraft:enderman":1},"minecraft:used":{"minecraft:water_bucket":3,"minecraft:stone_pickaxe":135,"minecraft:wooden_pickaxe":12,"minecraft:shield":28,"minecraft:iron_sword":66,"minecraft:iron_chestplate":1,"minecraft:torch":81,"minecraft:glow_berries":3,"minecraft:dirt":10,"minecraft:crafting_table":7,"minecraft:axolotl_bucket":2,"minecraft:spruce_log":1,"minecraft:iron_axe":12,"minecraft:iron_pickaxe":110,"minecraft:iron_boots":1,"minecraft:stone_axe":106,"minecraft:cobblestone":15,"minecraft:sweet_berries":25,"minecraft:furnace":4,"minecraft:cooked_porkchop":11,"minecraft:bucket":6,"tombstone:gift":2,"alexsmobs:animal_dictionary":2,"minecraft:coarse_dirt":2,"minecraft:iron_leggings":1,"minecraft:chainmail_leggings":1},"minecraft:picked_up":{"minecraft:coarse_dirt":2,"minecraft:iron_chestplate":1,"minecraft:crafting_table":6,"minecraft:string":31,"minecraft:dirt":10,"minecraft:moss_carpet":2,"minecraft:bone":5,"minecraft:raw_gold":2,"alexsmobs:cockroach_wing_fragment":1,"minecraft:iron_pickaxe":1,"minecraft:furnace":3,"minecraft:raw_iron":54,"minecraft:sweet_berries":23,"minecraft:big_dripleaf":1,"minecraft:porkchop":11,"tombstone:grave_dust":2,"minecraft:spruce_log":81,"minecraft:spider_eye":1,"minecraft:arrow":4,"minecraft:clay":1,"minecraft:chainmail_leggings":1,"alexsmobs:maggot":2,"minecraft:rail":1,"minecraft:glow_berries":3,"minecraft:coal":187,"minecraft:cobblestone":83},"minecraft:broken":{"minecraft:stone_pickaxe":1,"minecraft:chainmail_leggings":1,"minecraft:stone_axe":1,"minecraft:iron_chestplate":1},"minecraft:mined":{"minecraft:clay":1,"minecraft:crafting_table":6,"minecraft:grass_block":4,"minecraft:sculk_sensor":3,"minecraft:tall_grass":1,"minecraft:cobblestone":1,"minecraft:spruce_leaves":8,"minecraft:deepslate_gold_ore":2,"minecraft:sculk":15,"minecraft:spawner":2,"minecraft:large_fern":1,"minecraft:coarse_dirt":2,"minecraft:furnace":3,"minecraft:iron_ore":53,"minecraft:sweet_berry_bush":10,"minecraft:fire":4,"minecraft:spruce_log":79,"minecraft:deepslate_iron_ore":2,"minecraft:coal_ore":111,"minecraft:dirt":6,"minecraft:cobweb":25,"minecraft:stone":76,"minecraft:netherrack":1,"minecraft:deepslate":1,"minecraft:fern":2},"minecraft:custom":{"minecraft:interact_with_furnace":18,"minecraft:mob_kills":22,"tombstone:raider_killed":1,"minecraft:interact_with_crafting_table":13,"minecraft:leave_game":1,"minecraft:time_since_death":17935,"minecraft:climb_one_cm":459,"minecraft:time_since_rest":17129,"minecraft:sprint_one_cm":248103,"minecraft:damage_taken":1299,"minecraft:walk_one_cm":154977,"minecraft:damage_blocked_by_shield":750,"minecraft:drop":2,"minecraft:damage_dealt":4165,"minecraft:swim_one_cm":312,"minecraft:fly_one_cm":204326,"minecraft:crouch_one_cm":4923,"minecraft:play_time":72510,"tombstone:undead_killed":11,"minecraft:deaths":1,"minecraft:sneak_time":1772,"minecraft:walk_under_water_one_cm":1160,"minecraft:jump":1499,"minecraft:walk_on_water_one_cm":8831,"minecraft:total_world_time":72510,"minecraft:fall_one_cm":49894}},"DataVersion":3465}