{"stats":{"minecraft:dropped":{"tombstone:grave_dust":1},"minecraft:crafted":{"minecraft:cooked_porkchop":11,"minecraft:crafting_table":1,"minecraft:spruce_planks":56,"minecraft:iron_helmet":1,"minecraft:wooden_pickaxe":1,"minecraft:iron_sword":1,"minecraft:furnace":1,"minecraft:bucket":1,"minecraft:stone_axe":1,"minecraft:air":0,"minecraft:iron_chestplate":1,"minecraft:iron_boots":1,"minecraft:shield":1,"minecraft:iron_axe":1,"minecraft:stick":28,"minecraft:iron_ingot":35,"minecraft:stone_pickaxe":1,"minecraft:iron_leggings":1,"minecraft:torch":72},"minecraft:killed":{"minecraft:cave_spider":1,"minecraft:pig":6,"minecraft:witch":1,"minecraft:skeleton":6,"minecraft:zombie":4,"alexsmobs:fly":1},"minecraft:used":{"minecraft:water_bucket":3,"minecraft:stone_pickaxe":135,"minecraft:wooden_pickaxe":12,"minecraft:shield":25,"minecraft:iron_sword":59,"minecraft:iron_chestplate":1,"minecraft:torch":61,"minecraft:glow_berries":3,"minecraft:dirt":10,"minecraft:crafting_table":7,"minecraft:axolotl_bucket":1,"minecraft:spruce_log":1,"minecraft:iron_axe":8,"minecraft:iron_pickaxe":90,"minecraft:iron_boots":1,"minecraft:stone_axe":106,"minecraft:cobblestone":3,"minecraft:sweet_berries":11,"minecraft:furnace":4,"minecraft:cooked_porkchop":11,"minecraft:bucket":5,"alexsmobs:animal_dictionary":2,"minecraft:coarse_dirt":2,"minecraft:iron_leggings":1,"minecraft:chainmail_leggings":1},"minecraft:picked_up":{"minecraft:coarse_dirt":2,"minecraft:iron_chestplate":1,"minecraft:crafting_table":6,"minecraft:string":31,"minecraft:dirt":10,"minecraft:bone":4,"minecraft:iron_pickaxe":1,"minecraft:furnace":3,"minecraft:raw_iron":42,"minecraft:sweet_berries":23,"minecraft:big_dripleaf":1,"minecraft:porkchop":11,"tombstone:grave_dust":2,"minecraft:spruce_log":81,"minecraft:spider_eye":1,"minecraft:arrow":4,"minecraft:chainmail_leggings":1,"alexsmobs:maggot":2,"minecraft:glow_berries":3,"minecraft:coal":184,"minecraft:cobblestone":82},"minecraft:broken":{"minecraft:stone_pickaxe":1,"minecraft:chainmail_leggings":1,"minecraft:stone_axe":1,"minecraft:iron_chestplate":1},"minecraft:mined":{"minecraft:clay":1,"minecraft:crafting_table":6,"minecraft:grass_block":4,"minecraft:tall_grass":1,"minecraft:cobblestone":1,"minecraft:spruce_leaves":8,"minecraft:spawner":2,"minecraft:large_fern":1,"minecraft:coarse_dirt":2,"minecraft:furnace":3,"minecraft:iron_ore":42,"minecraft:sweet_berry_bush":10,"minecraft:fire":4,"minecraft:spruce_log":79,"minecraft:coal_ore":108,"minecraft:dirt":6,"minecraft:cobweb":25,"minecraft:stone":75,"minecraft:netherrack":1,"minecraft:fern":2},"minecraft:custom":{"minecraft:interact_with_furnace":18,"minecraft:mob_kills":19,"tombstone:raider_killed":1,"minecraft:interact_with_crafting_table":13,"minecraft:leave_game":1,"minecraft:time_since_death":5935,"minecraft:climb_one_cm":459,"minecraft:time_since_rest":5129,"minecraft:sprint_one_cm":201609,"minecraft:damage_taken":1240,"minecraft:walk_one_cm":117842,"minecraft:damage_blocked_by_shield":655,"minecraft:drop":1,"minecraft:damage_dealt":3504,"minecraft:swim_one_cm":312,"minecraft:fly_one_cm":184614,"minecraft:crouch_one_cm":824,"minecraft:play_time":60510,"tombstone:undead_killed":10,"minecraft:deaths":1,"minecraft:sneak_time":470,"minecraft:walk_under_water_one_cm":1160,"minecraft:jump":1297,"minecraft:walk_on_water_one_cm":7763,"minecraft:total_world_time":60510,"minecraft:fall_one_cm":41170}},"DataVersion":3465}