{"stats":{"minecraft:crafted":{"minecraft:cooked_porkchop":11,"minecraft:shield":1,"minecraft:iron_axe":1,"minecraft:crafting_table":1,"minecraft:spruce_planks":56,"minecraft:stick":28,"minecraft:wooden_pickaxe":1,"minecraft:iron_ingot":21,"minecraft:stone_pickaxe":1,"minecraft:iron_sword":1,"minecraft:furnace":1,"minecraft:bucket":1,"minecraft:torch":72,"minecraft:stone_axe":1,"minecraft:air":0},"minecraft:killed":{"minecraft:skeleton":3,"minecraft:zombie":4,"minecraft:pig":6,"alexsmobs:fly":1},"minecraft:used":{"minecraft:water_bucket":1,"minecraft:iron_axe":1,"minecraft:stone_pickaxe":135,"minecraft:shield":2,"minecraft:wooden_pickaxe":12,"minecraft:iron_sword":3,"minecraft:torch":47,"minecraft:stone_axe":106,"minecraft:dirt":10,"minecraft:crafting_table":5,"minecraft:furnace":2,"minecraft:cooked_porkchop":6,"alexsmobs:animal_dictionary":2,"minecraft:bucket":2,"minecraft:coarse_dirt":2,"minecraft:chainmail_leggings":1},"minecraft:picked_up":{"minecraft:crafting_table":5,"minecraft:iron_chestplate":1,"minecraft:raw_iron":21,"minecraft:coarse_dirt":2,"minecraft:sweet_berries":23,"minecraft:big_dripleaf":1,"minecraft:porkchop":11,"tombstone:grave_dust":1,"minecraft:spruce_log":78,"minecraft:dirt":10,"minecraft:bone":1,"minecraft:arrow":3,"minecraft:chainmail_leggings":1,"minecraft:iron_pickaxe":1,"alexsmobs:maggot":2,"minecraft:glow_berries":3,"minecraft:coal":135,"minecraft:cobblestone":41,"minecraft:furnace":2},"minecraft:broken":{"minecraft:stone_pickaxe":1,"minecraft:chainmail_leggings":1,"minecraft:stone_axe":1},"minecraft:mined":{"minecraft:large_fern":1,"minecraft:coarse_dirt":2,"minecraft:furnace":2,"minecraft:fire":4,"minecraft:iron_ore":21,"minecraft:sweet_berry_bush":10,"minecraft:spruce_log":78,"minecraft:crafting_table":5,"minecraft:grass_block":4,"minecraft:coal_ore":78,"minecraft:dirt":6,"minecraft:spruce_leaves":3,"minecraft:stone":41,"minecraft:netherrack":1,"minecraft:fern":2},"minecraft:custom":{"minecraft:time_since_rest":36510,"minecraft:interact_with_furnace":7,"minecraft:sprint_one_cm":123528,"minecraft:damage_taken":250,"minecraft:walk_one_cm":55991,"minecraft:damage_blocked_by_shield":55,"minecraft:mob_kills":14,"minecraft:damage_dealt":1828,"minecraft:swim_one_cm":312,"minecraft:interact_with_crafting_table":7,"minecraft:fly_one_cm":100913,"minecraft:crouch_one_cm":824,"minecraft:play_time":36510,"tombstone:undead_killed":7,"minecraft:sneak_time":395,"minecraft:walk_under_water_one_cm":1160,"minecraft:jump":699,"minecraft:leave_game":1,"minecraft:time_since_death":36510,"minecraft:walk_on_water_one_cm":7616,"minecraft:climb_one_cm":36,"minecraft:total_world_time":36510,"minecraft:fall_one_cm":21676}},"DataVersion":3465}