{"stats":{"minecraft:dropped":{"minecraft:clay":1,"minecraft:moss_carpet":2,"minecraft:rail":2,"minecraft:big_dripleaf":1,"alexsmobs:cockroach_wing_fragment":1,"tombstone:grave_dust":1,"minecraft:stone_pickaxe":1},"minecraft:crafted":{"minecraft:cooked_porkchop":11,"minecraft:crafting_table":2,"minecraft:spruce_planks":56,"minecraft:iron_helmet":1,"minecraft:wooden_pickaxe":1,"minecraft:iron_sword":1,"minecraft:furnace":1,"minecraft:bucket":1,"minecraft:stone_axe":1,"minecraft:air":0,"minecraft:iron_chestplate":1,"minecraft:iron_boots":1,"minecraft:shield":1,"minecraft:iron_axe":1,"minecraft:stick":48,"minecraft:iron_ingot":36,"minecraft:iron_pickaxe":1,"minecraft:stone_pickaxe":2,"minecraft:iron_leggings":1,"minecraft:torch":140},"minecraft:killed":{"minecraft:cave_spider":1,"minecraft:pig":6,"minecraft:witch":1,"minecraft:zombie_villager":1,"minecraft:skeleton":9,"alexsmobs:cockroach":1,"minecraft:zombie":6,"alexsmobs:fly":1,"minecraft:enderman":1},"minecraft:used":{"minecraft:water_bucket":3,"minecraft:diorite":6,"minecraft:stone_pickaxe":140,"minecraft:wooden_pickaxe":12,"minecraft:shield":32,"minecraft:iron_sword":90,"minecraft:iron_chestplate":1,"minecraft:torch":102,"minecraft:glow_berries":3,"minecraft:dirt":10,"minecraft:crafting_table":8,"minecraft:granite":5,"minecraft:axolotl_bucket":3,"minecraft:spruce_log":1,"minecraft:iron_axe":14,"minecraft:iron_pickaxe":218,"minecraft:iron_boots":1,"minecraft:stone_axe":106,"minecraft:cobblestone":40,"minecraft:sweet_berries":30,"minecraft:furnace":4,"minecraft:cooked_porkchop":11,"minecraft:bucket":7,"tombstone:gift":2,"alexsmobs:animal_dictionary":2,"minecraft:coarse_dirt":2,"minecraft:cobbled_deepslate":33,"minecraft:iron_leggings":1,"minecraft:chainmail_leggings":1},"minecraft:picked_up":{"minecraft:coarse_dirt":2,"minecraft:iron_chestplate":1,"minecraft:crafting_table":8,"minecraft:glow_ink_sac":3,"minecraft:tuff":7,"minecraft:string":32,"minecraft:dirt":10,"minecraft:moss_carpet":2,"minecraft:bone":7,"minecraft:cobbled_deepslate":33,"minecraft:raw_gold":16,"alexsmobs:cockroach_wing_fragment":1,"minecraft:iron_ingot":2,"minecraft:iron_pickaxe":1,"minecraft:furnace":4,"minecraft:raw_iron":69,"minecraft:sweet_berries":23,"minecraft:big_dripleaf":1,"minecraft:porkchop":11,"tombstone:grave_dust":2,"minecraft:diorite":6,"minecraft:spruce_log":81,"minecraft:spider_eye":1,"minecraft:arrow":6,"minecraft:rotten_flesh":1,"minecraft:clay":1,"minecraft:chainmail_leggings":1,"minecraft:granite":5,"alexsmobs:maggot":2,"minecraft:rail":2,"minecraft:glow_berries":3,"minecraft:coal":203,"minecraft:cobblestone":124},"minecraft:broken":{"minecraft:stone_pickaxe":1,"minecraft:chainmail_leggings":1,"minecraft:stone_axe":1,"minecraft:iron_pickaxe":1,"minecraft:iron_chestplate":1},"minecraft:mined":{"minecraft:tuff":7,"minecraft:clay":1,"minecraft:crafting_table":8,"minecraft:granite":5,"minecraft:grass_block":4,"minecraft:sculk_sensor":5,"minecraft:tall_grass":1,"minecraft:cobblestone":1,"minecraft:spruce_leaves":8,"minecraft:deepslate_gold_ore":16,"minecraft:sculk":15,"minecraft:diorite":6,"minecraft:spawner":3,"minecraft:large_fern":1,"minecraft:coarse_dirt":2,"minecraft:furnace":4,"minecraft:iron_ore":53,"minecraft:sweet_berry_bush":10,"minecraft:fire":4,"minecraft:spruce_log":79,"minecraft:deepslate_iron_ore":5,"minecraft:coal_ore":111,"minecraft:dirt":6,"minecraft:cobweb":26,"minecraft:stone":117,"minecraft:netherrack":1,"minecraft:deepslate":34,"minecraft:fern":2},"minecraft:custom":{"minecraft:interact_with_furnace":20,"minecraft:mob_kills":27,"tombstone:raider_killed":1,"minecraft:interact_with_crafting_table":15,"minecraft:leave_game":1,"minecraft:time_since_death":7540,"minecraft:climb_one_cm":459,"minecraft:time_since_rest":6905,"minecraft:sprint_one_cm":293644,"minecraft:damage_taken":1489,"minecraft:walk_one_cm":203862,"minecraft:damage_blocked_by_shield":875,"minecraft:drop":8,"minecraft:damage_dealt":5137,"minecraft:swim_one_cm":312,"minecraft:fly_one_cm":209991,"minecraft:crouch_one_cm":5599,"minecraft:play_time":84510,"tombstone:undead_killed":16,"minecraft:deaths":2,"minecraft:sneak_time":1953,"minecraft:walk_under_water_one_cm":1160,"minecraft:jump":1673,"minecraft:walk_on_water_one_cm":9566,"minecraft:total_world_time":84510,"minecraft:fall_one_cm":49894}},"DataVersion":3465}