{"stats":{"minecraft:dropped":{"minecraft:enchanted_book":1,"minecraft:clay":1,"minecraft:crafting_table":1,"minecraft:rail":2,"minecraft:dirt":1,"minecraft:diorite":1,"minecraft:torch":2,"tombstone:grave_dust":1,"minecraft:pumpkin":1,"minecraft:sunflower":1,"minecraft:moss_carpet":2,"minecraft:cooked_mutton":1,"minecraft:big_dripleaf":1,"alexsmobs:cockroach_wing_fragment":1,"minecraft:spider_eye":1,"minecraft:stone_pickaxe":1},"minecraft:crafted":{"minecraft:cooked_chicken":1,"minecraft:furnace":2,"minecraft:cooked_mutton":5,"minecraft:iron_boots":1,"minecraft:iron_axe":1,"minecraft:stone_pickaxe":2,"minecraft:cooked_porkchop":11,"minecraft:crafting_table":2,"minecraft:spruce_planks":56,"minecraft:wooden_pickaxe":1,"minecraft:iron_helmet":1,"minecraft:iron_sword":1,"minecraft:bucket":1,"minecraft:stone_axe":1,"minecraft:air":0,"minecraft:iron_chestplate":1,"minecraft:shield":1,"minecraft:stick":48,"minecraft:iron_ingot":36,"minecraft:iron_pickaxe":1,"minecraft:iron_leggings":1,"minecraft:torch":140},"minecraft:killed":{"minecraft:cave_spider":1,"minecraft:witch":1,"minecraft:skeleton":11,"minecraft:chicken":1,"minecraft:drowned":1,"minecraft:pig":6,"minecraft:zombie_villager":1,"minecraft:sheep":3,"minecraft:zombie":9,"alexsmobs:cockroach":1,"alexsmobs:fly":2,"minecraft:enderman":1},"minecraft:used":{"minecraft:shield":81,"minecraft:iron_sword":124,"minecraft:cooked_chicken":1,"minecraft:rotten_flesh":2,"minecraft:iron_chestplate":1,"minecraft:torch":114,"minecraft:dirt":10,"minecraft:granite":10,"minecraft:axolotl_bucket":5,"minecraft:spruce_boat":2,"minecraft:iron_axe":16,"minecraft:iron_boots":1,"minecraft:sweet_berries":30,"minecraft:furnace":6,"tombstone:gift":3,"minecraft:cooked_beef":1,"minecraft:cobbled_deepslate":33,"minecraft:iron_leggings":1,"minecraft:cooked_mutton":4,"minecraft:water_bucket":6,"minecraft:diorite":7,"minecraft:stone_pickaxe":140,"minecraft:wooden_pickaxe":12,"minecraft:glow_berries":3,"minecraft:crafting_table":9,"minecraft:spruce_log":1,"minecraft:iron_pickaxe":343,"minecraft:stone_axe":106,"minecraft:cobblestone":94,"minecraft:cooked_porkchop":11,"minecraft:bucket":12,"alexsmobs:animal_dictionary":2,"minecraft:coarse_dirt":2,"minecraft:chainmail_leggings":1},"minecraft:picked_up":{"minecraft:crafting_table":8,"minecraft:iron_chestplate":1,"minecraft:coarse_dirt":2,"minecraft:chicken":1,"minecraft:wooden_pickaxe":1,"minecraft:gold_block":1,"minecraft:string":32,"minecraft:moss_carpet":2,"minecraft:gold_nugget":8,"minecraft:cobbled_deepslate":33,"minecraft:iron_pickaxe":1,"minecraft:furnace":4,"minecraft:raw_iron":119,"minecraft:big_dripleaf":1,"minecraft:torch":1,"minecraft:porkchop":11,"tombstone:grave_dust":7,"minecraft:diorite":8,"minecraft:rotten_flesh":8,"minecraft:arrow":8,"minecraft:gold_ingot":1,"minecraft:glow_berries":3,"minecraft:mutton":5,"minecraft:rail":2,"minecraft:white_wool":3,"minecraft:cobblestone":152,"minecraft:cooked_beef":1,"minecraft:glow_ink_sac":3,"minecraft:leather":1,"minecraft:tuff":7,"minecraft:dirt":11,"minecraft:bone":11,"alexsmobs:cockroach_wing_fragment":1,"minecraft:raw_gold":16,"minecraft:iron_ingot":2,"minecraft:stone_pickaxe":1,"minecraft:pumpkin":1,"minecraft:sweet_berries":23,"minecraft:spruce_log":81,"minecraft:spider_eye":1,"minecraft:clay":1,"minecraft:spruce_boat":3,"minecraft:chainmail_leggings":1,"minecraft:granite":10,"alexsmobs:maggot":2,"tombstone:magic_scroll":1,"minecraft:coal":241,"minecraft:sunflower":1},"minecraft:broken":{"minecraft:chainmail_leggings":1,"minecraft:iron_chestplate":1,"minecraft:stone_pickaxe":1,"minecraft:stone_axe":1,"minecraft:iron_pickaxe":1},"minecraft:custom":{"minecraft:mob_kills":38,"minecraft:interact_with_crafting_table":16,"minecraft:leave_game":1,"minecraft:time_since_death":43540,"minecraft:climb_one_cm":459,"minecraft:sprint_one_cm":362452,"minecraft:walk_one_cm":278956,"minecraft:damage_blocked_by_shield":1855,"minecraft:drop":18,"minecraft:play_time":120510,"minecraft:sneak_time":3673,"minecraft:deaths":2,"minecraft:walk_under_water_one_cm":10670,"minecraft:boat_one_cm":152890,"minecraft:jump":2335,"minecraft:walk_on_water_one_cm":13498,"minecraft:total_world_time":120510,"minecraft:interact_with_furnace":28,"tombstone:raider_killed":1,"minecraft:time_since_rest":42905,"minecraft:waystone_activated":1,"minecraft:damage_taken":1916,"minecraft:damage_dealt":6416,"tombstone:cast_on_ally":1,"minecraft:swim_one_cm":6107,"minecraft:fly_one_cm":300067,"minecraft:open_chest":4,"minecraft:crouch_one_cm":7343,"tombstone:undead_killed":22,"minecraft:fall_one_cm":69571},"minecraft:mined":{"minecraft:tuff":7,"minecraft:granite":10,"minecraft:grass_block":4,"minecraft:spruce_leaves":13,"minecraft:spawner":3,"minecraft:large_fern":1,"minecraft:furnace":4,"minecraft:fire":4,"minecraft:iron_ore":101,"minecraft:pumpkin":1,"minecraft:gold_block":1,"minecraft:deepslate_iron_ore":5,"minecraft:stone":142,"minecraft:clay":1,"minecraft:crafting_table":8,"minecraft:torch":1,"minecraft:sculk_sensor":5,"minecraft:cobblestone":4,"minecraft:tall_grass":1,"biomesoplenty:sprout":1,"minecraft:deepslate_gold_ore":16,"minecraft:sculk":15,"minecraft:diorite":7,"minecraft:wall_torch":1,"minecraft:coarse_dirt":2,"minecraft:sweet_berry_bush":10,"minecraft:spruce_log":79,"minecraft:grass":1,"minecraft:coal_ore":152,"minecraft:sunflower":1,"minecraft:dirt":6,"minecraft:cobweb":26,"minecraft:netherrack":1,"minecraft:deepslate":34,"minecraft:fern":2}},"DataVersion":3465}