{"stats":{"minecraft:killed":{"minecraft:skeleton":2,"minecraft:pig":6,"alexsmobs:fly":1},"minecraft:mined":{"minecraft:large_fern":1,"minecraft:coarse_dirt":2,"minecraft:furnace":1,"minecraft:iron_ore":21,"minecraft:fire":4,"minecraft:sweet_berry_bush":10,"minecraft:spruce_log":78,"minecraft:crafting_table":3,"minecraft:coal_ore":75,"minecraft:grass_block":4,"minecraft:dirt":6,"minecraft:spruce_leaves":3,"minecraft:stone":34,"minecraft:netherrack":1,"minecraft:fern":2},"minecraft:used":{"minecraft:stone_pickaxe":124,"minecraft:wooden_pickaxe":12,"minecraft:stone_axe":93,"minecraft:torch":24,"minecraft:dirt":10,"minecraft:crafting_table":4,"minecraft:furnace":2,"minecraft:cooked_porkchop":4,"minecraft:coarse_dirt":2},"minecraft:custom":{"minecraft:time_since_rest":27259,"minecraft:interact_with_furnace":6,"minecraft:sprint_one_cm":92507,"minecraft:damage_taken":170,"minecraft:walk_one_cm":41189,"minecraft:mob_kills":9,"minecraft:damage_dealt":850,"minecraft:swim_one_cm":92,"minecraft:interact_with_crafting_table":6,"minecraft:fly_one_cm":78284,"minecraft:crouch_one_cm":192,"minecraft:play_time":27259,"tombstone:undead_killed":2,"minecraft:sneak_time":44,"minecraft:walk_under_water_one_cm":426,"minecraft:jump":530,"minecraft:leave_game":1,"minecraft:walk_on_water_one_cm":5914,"minecraft:time_since_death":27259,"minecraft:total_world_time":27259,"minecraft:fall_one_cm":17929},"minecraft:picked_up":{"minecraft:coarse_dirt":2,"minecraft:raw_iron":21,"minecraft:crafting_table":3,"minecraft:sweet_berries":23,"minecraft:porkchop":11,"minecraft:spruce_log":78,"minecraft:dirt":10,"minecraft:arrow":2,"minecraft:bone":1,"alexsmobs:maggot":2,"minecraft:coal":114,"minecraft:cobblestone":34,"minecraft:furnace":1},"minecraft:crafted":{"minecraft:cooked_porkchop":11,"minecraft:shield":1,"minecraft:crafting_table":1,"minecraft:spruce_planks":56,"minecraft:stick":24,"minecraft:iron_ingot":21,"minecraft:wooden_pickaxe":1,"minecraft:stone_pickaxe":1,"minecraft:furnace":1,"minecraft:bucket":1,"minecraft:torch":72,"minecraft:stone_axe":1,"minecraft:air":0}},"DataVersion":3465}