{"stats":{"minecraft:killed":{"minecraft:pig":3},"minecraft:mined":{"minecraft:large_fern":1,"minecraft:furnace":1,"minecraft:iron_ore":21,"minecraft:fire":4,"minecraft:sweet_berry_bush":10,"minecraft:spruce_log":5,"minecraft:crafting_table":3,"minecraft:coal_ore":62,"minecraft:grass_block":4,"minecraft:dirt":5,"minecraft:spruce_leaves":2,"minecraft:stone":32,"minecraft:netherrack":1,"minecraft:fern":2},"minecraft:used":{"minecraft:stone_pickaxe":109,"minecraft:wooden_pickaxe":12,"minecraft:stone_axe":12,"minecraft:torch":7,"minecraft:dirt":9,"minecraft:crafting_table":3,"minecraft:furnace":1,"minecraft:cooked_porkchop":3},"minecraft:custom":{"minecraft:time_since_rest":15875,"minecraft:interact_with_furnace":2,"minecraft:sprint_one_cm":50858,"minecraft:damage_taken":70,"minecraft:walk_one_cm":26773,"minecraft:mob_kills":3,"minecraft:damage_dealt":422,"minecraft:interact_with_crafting_table":4,"minecraft:fly_one_cm":48051,"minecraft:crouch_one_cm":152,"minecraft:play_time":15875,"minecraft:sneak_time":32,"minecraft:walk_under_water_one_cm":279,"minecraft:jump":331,"minecraft:walk_on_water_one_cm":2020,"minecraft:time_since_death":15875,"minecraft:total_world_time":15875,"minecraft:fall_one_cm":10725},"minecraft:picked_up":{"minecraft:raw_iron":21,"minecraft:crafting_table":3,"minecraft:sweet_berries":23,"minecraft:porkchop":5,"minecraft:spruce_log":5,"minecraft:dirt":9,"minecraft:coal":101,"minecraft:cobblestone":32,"minecraft:furnace":1},"minecraft:crafted":{"minecraft:cooked_porkchop":4,"minecraft:crafting_table":1,"minecraft:spruce_planks":12,"minecraft:stick":8,"minecraft:wooden_pickaxe":1,"minecraft:stone_pickaxe":1,"minecraft:furnace":1,"minecraft:torch":8,"minecraft:stone_axe":1,"minecraft:air":0}},"DataVersion":3465}