{"stats":{"minecraft:dropped":{"minecraft:enchanted_book":1,"minecraft:clay":1,"minecraft:moss_carpet":2,"minecraft:cooked_mutton":1,"minecraft:rail":2,"minecraft:big_dripleaf":1,"minecraft:dirt":1,"minecraft:diorite":1,"minecraft:torch":2,"alexsmobs:cockroach_wing_fragment":1,"tombstone:grave_dust":1,"minecraft:sunflower":1,"minecraft:spider_eye":1,"minecraft:stone_pickaxe":1},"minecraft:crafted":{"minecraft:cooked_porkchop":11,"minecraft:crafting_table":2,"minecraft:spruce_planks":56,"minecraft:iron_helmet":1,"minecraft:wooden_pickaxe":1,"minecraft:iron_sword":1,"minecraft:furnace":1,"minecraft:bucket":1,"minecraft:stone_axe":1,"minecraft:cooked_mutton":2,"minecraft:air":0,"minecraft:iron_chestplate":1,"minecraft:iron_boots":1,"minecraft:shield":1,"minecraft:iron_axe":1,"minecraft:stick":48,"minecraft:iron_ingot":36,"minecraft:iron_pickaxe":1,"minecraft:stone_pickaxe":2,"minecraft:iron_leggings":1,"minecraft:torch":140},"minecraft:killed":{"minecraft:cave_spider":1,"minecraft:pig":6,"minecraft:witch":1,"minecraft:zombie_villager":1,"minecraft:sheep":3,"minecraft:skeleton":11,"alexsmobs:cockroach":1,"minecraft:zombie":9,"minecraft:drowned":1,"alexsmobs:fly":2,"minecraft:enderman":1},"minecraft:picked_up":{"minecraft:coarse_dirt":2,"minecraft:iron_chestplate":1,"minecraft:crafting_table":8,"minecraft:cooked_beef":1,"minecraft:glow_ink_sac":3,"minecraft:leather":1,"minecraft:wooden_pickaxe":1,"minecraft:gold_block":1,"minecraft:tuff":7,"minecraft:string":32,"minecraft:dirt":11,"minecraft:moss_carpet":2,"minecraft:bone":11,"minecraft:gold_nugget":8,"minecraft:cobbled_deepslate":33,"minecraft:raw_gold":16,"alexsmobs:cockroach_wing_fragment":1,"minecraft:stone_pickaxe":1,"minecraft:iron_ingot":2,"minecraft:iron_pickaxe":1,"minecraft:furnace":4,"minecraft:raw_iron":71,"minecraft:sweet_berries":23,"minecraft:big_dripleaf":1,"minecraft:porkchop":11,"tombstone:grave_dust":7,"minecraft:diorite":8,"minecraft:spruce_log":81,"minecraft:spider_eye":1,"minecraft:arrow":8,"minecraft:rotten_flesh":8,"minecraft:clay":1,"minecraft:spruce_boat":1,"minecraft:chainmail_leggings":1,"minecraft:granite":10,"minecraft:gold_ingot":1,"minecraft:mutton":5,"minecraft:white_wool":3,"tombstone:magic_scroll":1,"alexsmobs:maggot":2,"minecraft:rail":2,"minecraft:glow_berries":3,"minecraft:coal":203,"minecraft:cobblestone":135,"minecraft:sunflower":1},"minecraft:used":{"minecraft:cooked_mutton":1,"minecraft:water_bucket":4,"minecraft:diorite":7,"minecraft:stone_pickaxe":140,"minecraft:wooden_pickaxe":12,"minecraft:shield":40,"minecraft:iron_sword":116,"minecraft:rotten_flesh":2,"minecraft:iron_chestplate":1,"minecraft:torch":104,"minecraft:glow_berries":3,"minecraft:dirt":10,"minecraft:crafting_table":8,"minecraft:granite":10,"minecraft:axolotl_bucket":5,"minecraft:spruce_log":1,"minecraft:spruce_boat":1,"minecraft:iron_axe":14,"minecraft:iron_pickaxe":236,"minecraft:iron_boots":1,"minecraft:stone_axe":106,"minecraft:cobblestone":89,"minecraft:sweet_berries":30,"minecraft:furnace":5,"minecraft:cooked_porkchop":11,"minecraft:bucket":10,"tombstone:gift":2,"alexsmobs:animal_dictionary":2,"minecraft:cooked_beef":1,"minecraft:coarse_dirt":2,"minecraft:cobbled_deepslate":33,"minecraft:iron_leggings":1,"minecraft:chainmail_leggings":1},"minecraft:broken":{"minecraft:stone_pickaxe":1,"minecraft:chainmail_leggings":1,"minecraft:stone_axe":1,"minecraft:iron_pickaxe":1,"minecraft:iron_chestplate":1},"minecraft:mined":{"minecraft:tuff":7,"minecraft:clay":1,"minecraft:crafting_table":8,"minecraft:granite":10,"minecraft:grass_block":4,"minecraft:sculk_sensor":5,"minecraft:tall_grass":1,"minecraft:cobblestone":2,"biomesoplenty:sprout":1,"minecraft:spruce_leaves":13,"minecraft:deepslate_gold_ore":16,"minecraft:sculk":15,"minecraft:diorite":7,"minecraft:wall_torch":1,"minecraft:spawner":3,"minecraft:large_fern":1,"minecraft:coarse_dirt":2,"minecraft:furnace":4,"minecraft:iron_ore":53,"minecraft:sweet_berry_bush":10,"minecraft:fire":4,"minecraft:spruce_log":79,"minecraft:gold_block":1,"minecraft:grass":1,"minecraft:deepslate_iron_ore":5,"minecraft:coal_ore":111,"minecraft:sunflower":1,"minecraft:dirt":6,"minecraft:cobweb":26,"minecraft:stone":127,"minecraft:netherrack":1,"minecraft:deepslate":34,"minecraft:fern":2},"minecraft:custom":{"minecraft:interact_with_furnace":22,"minecraft:mob_kills":37,"tombstone:raider_killed":1,"minecraft:interact_with_crafting_table":15,"minecraft:leave_game":1,"minecraft:time_since_death":31540,"minecraft:climb_one_cm":459,"minecraft:time_since_rest":30905,"minecraft:waystone_activated":1,"minecraft:sprint_one_cm":337653,"minecraft:damage_taken":1694,"minecraft:walk_one_cm":254329,"minecraft:damage_blocked_by_shield":1105,"minecraft:drop":16,"minecraft:damage_dealt":6028,"tombstone:cast_on_ally":1,"minecraft:swim_one_cm":5730,"minecraft:fly_one_cm":265274,"minecraft:open_chest":1,"minecraft:crouch_one_cm":6512,"minecraft:play_time":108510,"tombstone:undead_killed":22,"minecraft:deaths":2,"minecraft:sneak_time":3410,"minecraft:walk_under_water_one_cm":9992,"minecraft:boat_one_cm":117700,"minecraft:jump":2168,"minecraft:walk_on_water_one_cm":11090,"minecraft:total_world_time":108510,"minecraft:fall_one_cm":63271}},"DataVersion":3465}