{"stats":{"minecraft:dropped":{"minecraft:mossy_cobblestone":2},"minecraft:custom":{"minecraft:time_since_rest":1520,"minecraft:waystone_activated":2,"minecraft:interact_with_furnace":1,"minecraft:sprint_one_cm":219798,"minecraft:damage_taken":2205,"minecraft:walk_one_cm":107768,"minecraft:drop":1,"minecraft:damage_dealt":20,"minecraft:interact_with_crafting_table":5,"minecraft:swim_one_cm":43663,"minecraft:talked_to_villager":2,"minecraft:fly_one_cm":305799,"minecraft:open_barrel":1,"minecraft:open_chest":27,"minecraft:crouch_one_cm":9490,"minecraft:play_time":57492,"minecraft:deaths":5,"minecraft:sneak_time":2970,"minecraft:walk_under_water_one_cm":6874,"minecraft:jump":994,"minecraft:eat_cake_slice":11,"minecraft:leave_game":5,"minecraft:time_since_death":0,"minecraft:walk_on_water_one_cm":27767,"minecraft:sleep_in_bed":1,"minecraft:total_world_time":57492,"minecraft:climb_one_cm":3517,"minecraft:fall_one_cm":30828},"minecraft:crafted":{"minecraft:oak_planks":76,"minecraft:crafting_table":1,"minecraft:stick":8,"minecraft:wooden_pickaxe":1,"minecraft:stone_pickaxe":1,"minecraft:torch":8,"minecraft:stone_axe":1,"minecraft:bread":93,"minecraft:wheat":279},"minecraft:used":{"minecraft:lantern":1,"minecraft:bread":13,"minecraft:stone_pickaxe":41,"minecraft:wooden_pickaxe":8,"minecraft:gravel":1,"minecraft:item_frame":3,"minecraft:stone_axe":1,"minecraft:dirt":4,"minecraft:cobblestone":1,"minecraft:crafting_table":1,"tombstone:gift":2,"minecraft:potato":21,"minecraft:experience_bottle":1},"minecraft:mined":{"minecraft:skeleton_skull":1,"minecraft:hay_block":31,"minecraft:white_bed":1,"minecraft:mossy_cobblestone":3,"minecraft:crafting_table":1,"minecraft:oak_log":19,"minecraft:coal_ore":26,"minecraft:zombie_head":1,"minecraft:gravel":1,"minecraft:sand":1,"minecraft:dirt":5,"minecraft:tall_grass":1,"minecraft:stone":18,"minecraft:oak_leaves":6},"minecraft:picked_up":{"minecraft:crafting_table":1,"minecraft:gravel":1,"minecraft:sand":1,"minecraft:oak_log":19,"minecraft:white_bed":1,"minecraft:mossy_cobblestone":2,"minecraft:dirt":5,"minecraft:lantern":1,"minecraft:item_frame":3,"minecraft:experience_bottle":1,"minecraft:zombie_head":1,"minecraft:hay_block":31,"minecraft:emerald":2,"minecraft:iron_sword":1,"minecraft:coal":26,"minecraft:skeleton_skull":1,"minecraft:cobblestone":18}},"DataVersion":3465}