{"stats":{"minecraft:picked_up":{"minecraft:crafting_table":1,"minecraft:sand":1,"minecraft:oak_log":19,"minecraft:white_bed":1,"minecraft:mossy_cobblestone":2,"minecraft:dirt":3,"minecraft:lantern":1,"minecraft:item_frame":2,"minecraft:experience_bottle":1,"minecraft:hay_block":31,"minecraft:emerald":1,"minecraft:iron_sword":1,"minecraft:coal":26,"minecraft:skeleton_skull":1,"minecraft:cobblestone":18},"minecraft:used":{"minecraft:lantern":1,"minecraft:bread":6,"minecraft:stone_pickaxe":41,"minecraft:wooden_pickaxe":8,"minecraft:item_frame":2,"minecraft:stone_axe":1,"minecraft:dirt":2,"minecraft:cobblestone":1,"minecraft:crafting_table":1,"tombstone:gift":2,"minecraft:experience_bottle":1},"minecraft:custom":{"minecraft:time_since_rest":1,"minecraft:waystone_activated":2,"minecraft:interact_with_furnace":1,"minecraft:sprint_one_cm":130615,"minecraft:damage_taken":1065,"minecraft:walk_one_cm":72936,"minecraft:drop":1,"minecraft:damage_dealt":20,"minecraft:interact_with_crafting_table":5,"minecraft:talked_to_villager":1,"minecraft:fly_one_cm":86555,"minecraft:open_barrel":1,"minecraft:open_chest":15,"minecraft:crouch_one_cm":9411,"minecraft:play_time":31905,"minecraft:deaths":3,"minecraft:sneak_time":2674,"minecraft:walk_under_water_one_cm":902,"minecraft:jump":459,"minecraft:eat_cake_slice":4,"minecraft:leave_game":2,"minecraft:time_since_death":2285,"minecraft:walk_on_water_one_cm":20348,"minecraft:sleep_in_bed":1,"minecraft:climb_one_cm":2866,"minecraft:total_world_time":31905,"minecraft:fall_one_cm":12179},"minecraft:crafted":{"minecraft:oak_planks":76,"minecraft:crafting_table":1,"minecraft:stick":8,"minecraft:wooden_pickaxe":1,"minecraft:stone_pickaxe":1,"minecraft:torch":8,"minecraft:stone_axe":1,"minecraft:bread":93,"minecraft:wheat":279},"minecraft:dropped":{"minecraft:mossy_cobblestone":2},"minecraft:mined":{"minecraft:skeleton_skull":1,"minecraft:hay_block":31,"minecraft:white_bed":1,"minecraft:mossy_cobblestone":3,"minecraft:crafting_table":1,"minecraft:oak_log":19,"minecraft:coal_ore":26,"minecraft:sand":1,"minecraft:dirt":3,"minecraft:tall_grass":1,"minecraft:stone":18,"minecraft:oak_leaves":5}},"DataVersion":3465}