{"stats":{"minecraft:custom":{"minecraft:open_barrel":1,"minecraft:time_since_rest":12206,"minecraft:open_chest":14,"minecraft:waystone_activated":2,"minecraft:interact_with_furnace":1,"minecraft:crouch_one_cm":5227,"minecraft:play_time":15726,"minecraft:sprint_one_cm":91871,"minecraft:walk_one_cm":48958,"minecraft:damage_taken":510,"minecraft:deaths":1,"minecraft:sneak_time":1141,"minecraft:jump":242,"minecraft:eat_cake_slice":4,"minecraft:damage_dealt":10,"minecraft:leave_game":1,"minecraft:walk_on_water_one_cm":235,"minecraft:time_since_death":13668,"minecraft:total_world_time":15726,"minecraft:climb_one_cm":1280,"minecraft:talked_to_villager":1,"minecraft:fall_one_cm":7675,"minecraft:fly_one_cm":49583},"minecraft:used":{"minecraft:item_frame":2,"minecraft:dirt":2,"minecraft:lantern":1,"minecraft:bread":4,"minecraft:experience_bottle":1},"minecraft:mined":{"minecraft:hay_block":20,"minecraft:white_bed":1,"minecraft:dirt":2},"minecraft:picked_up":{"minecraft:item_frame":2,"minecraft:experience_bottle":1,"minecraft:hay_block":20,"minecraft:emerald":1,"minecraft:white_bed":1,"minecraft:iron_sword":1,"minecraft:dirt":2,"minecraft:lantern":1}},"DataVersion":3465}